2026-06-19T08:45:11.421669Z  INFO tailwindcss_oxide::scanner: Provided sources:
2026-06-19T08:45:11.421707Z  INFO tailwindcss_oxide::scanner: Source: PublicSourceEntry { base: "/home/watzak/master/kamod/preacthub/content", pattern: "**/*", negated: false }
2026-06-19T08:45:11.421712Z  INFO tailwindcss_oxide::scanner: Source: PublicSourceEntry { base: "/home/watzak/master/kamod/preacthub/node_modules/.pnpm/@kamod-ch+ui@file+..+kamod-ui+packages+core_@preact+signals@2.9.2_preact@10.29.2__preact@10.29.2_tailwindcss@4.3.1/node_modules/@kamod-ch/ui/dist", pattern: "./**/*.{js,mjs}", negated: false }
2026-06-19T08:45:11.421879Z  INFO tailwindcss_oxide::scanner: Optimized sources:
2026-06-19T08:45:11.421883Z  INFO tailwindcss_oxide::scanner: Source: Auto { base: "/home/watzak/master/kamod/preacthub/content" }
2026-06-19T08:45:11.421885Z  INFO tailwindcss_oxide::scanner: Source: Pattern { base: "/home/watzak/master/kamod/preacthub/node_modules/.pnpm/@kamod-ch+ui@file+..+kamod-ui+packages+core_@preact+signals@2.9.2_preact@10.29.2__preact@10.29.2_tailwindcss@4.3.1/node_modules/@kamod-ch/ui/dist", pattern: "/**/*.js" }
2026-06-19T08:45:11.421887Z  INFO tailwindcss_oxide::scanner: Source: Pattern { base: "/home/watzak/master/kamod/preacthub/node_modules/.pnpm/@kamod-ch+ui@file+..+kamod-ui+packages+core_@preact+signals@2.9.2_preact@10.29.2__preact@10.29.2_tailwindcss@4.3.1/node_modules/@kamod-ch/ui/dist", pattern: "/**/*.mjs" }
2026-06-19T08:45:11.422690Z  INFO discover_sources: tailwindcss_oxide::scanner: enter
2026-06-19T08:45:11.422699Z  INFO discover_sources:walk_synchronous: tailwindcss_oxide::scanner: enter
2026-06-19T08:45:11.425988Z  INFO discover_sources:walk_synchronous: tailwindcss_oxide::scanner: exit
2026-06-19T08:45:11.426742Z  INFO tailwindcss_oxide::scanner: Reading "/home/watzak/master/kamod/preacthub/content/libraries/charts.md"
2026-06-19T08:45:11.426743Z  INFO tailwindcss_oxide::scanner: Reading "/home/watzak/master/kamod/preacthub/content/index.md"
2026-06-19T08:45:11.426745Z  INFO tailwindcss_oxide::scanner: Reading "/home/watzak/master/kamod/preacthub/node_modules/.pnpm/@kamod-ch+ui@file+..+kamod-ui+packages+core_@preact+signals@2.9.2_preact@10.29.2__preact@10.29.2_tailwindcss@4.3.1/node_modules/@kamod-ch/ui/dist/chunk-ZM67EKZC.js"
2026-06-19T08:45:11.426755Z  INFO tailwindcss_oxide::scanner: Reading "/home/watzak/master/kamod/preacthub/node_modules/.pnpm/@kamod-ch+ui@file+..+kamod-ui+packages+core_@preact+signals@2.9.2_preact@10.29.2__preact@10.29.2_tailwindcss@4.3.1/node_modules/@kamod-ch/ui/dist/chunk-2KY7P27I.js"
2026-06-19T08:45:11.426748Z  INFO tailwindcss_oxide::scanner: Reading "/home/watzak/master/kamod/preacthub/content/libraries/animation.md"
2026-06-19T08:45:11.426751Z  INFO tailwindcss_oxide::scanner: Reading "/home/watzak/master/kamod/preacthub/content/libraries/valibot.md"
2026-06-19T08:45:11.426792Z  INFO tailwindcss_oxide::scanner: Reading "/home/watzak/master/kamod/preacthub/node_modules/.pnpm/@kamod-ch+ui@file+..+kamod-ui+packages+core_@preact+signals@2.9.2_preact@10.29.2__preact@10.29.2_tailwindcss@4.3.1/node_modules/@kamod-ch/ui/dist/chunk-YZLPO4B2.js"
2026-06-19T08:45:11.426763Z  INFO tailwindcss_oxide::scanner: Reading "/home/watzak/master/kamod/preacthub/content/libraries/swr.md"
2026-06-19T08:45:11.426803Z  INFO tailwindcss_oxide::scanner: Reading "/home/watzak/master/kamod/preacthub/node_modules/.pnpm/@kamod-ch+ui@file+..+kamod-ui+packages+core_@preact+signals@2.9.2_preact@10.29.2__preact@10.29.2_tailwindcss@4.3.1/node_modules/@kamod-ch/ui/dist/chunk-BDK7CDEI.js"
2026-06-19T08:45:11.426797Z  INFO tailwindcss_oxide::scanner: Reading "/home/watzak/master/kamod/preacthub/node_modules/.pnpm/@kamod-ch+ui@file+..+kamod-ui+packages+core_@preact+signals@2.9.2_preact@10.29.2__preact@10.29.2_tailwindcss@4.3.1/node_modules/@kamod-ch/ui/dist/chunk-BYG2ULS3.js"
2026-06-19T08:45:11.426808Z  INFO tailwindcss_oxide::scanner: Reading "/home/watzak/master/kamod/preacthub/content/index.html"
2026-06-19T08:45:11.426803Z  INFO tailwindcss_oxide::scanner: Reading "/home/watzak/master/kamod/preacthub/content/libraries/react-hook-form.md"
2026-06-19T08:45:11.426815Z  INFO tailwindcss_oxide::scanner: Reading "/home/watzak/master/kamod/preacthub/node_modules/.pnpm/@kamod-ch+ui@file+..+kamod-ui+packages+core_@preact+signals@2.9.2_preact@10.29.2__preact@10.29.2_tailwindcss@4.3.1/node_modules/@kamod-ch/ui/dist/lib/signals/index.js"
2026-06-19T08:45:11.426746Z  INFO tailwindcss_oxide::scanner: Reading "/home/watzak/master/kamod/preacthub/content/libraries/index.md"
2026-06-19T08:45:11.426782Z  INFO tailwindcss_oxide::scanner: Reading "/home/watzak/master/kamod/preacthub/content/libraries/testing.md"
2026-06-19T08:45:11.426870Z  INFO tailwindcss_oxide::scanner: Reading "/home/watzak/master/kamod/preacthub/content/libraries/tanstack-query.md"
2026-06-19T08:45:11.426749Z  INFO tailwindcss_oxide::scanner: Reading "/home/watzak/master/kamod/preacthub/content/libraries/developer-tools.md"
2026-06-19T08:45:11.426798Z  INFO tailwindcss_oxide::scanner: Reading "/home/watzak/master/kamod/preacthub/content/libraries/preact-iso.md"
2026-06-19T08:45:11.426742Z  INFO tailwindcss_oxide::scanner: Reading "/home/watzak/master/kamod/preacthub/content/libraries/zod.md"
2026-06-19T08:45:11.426909Z  INFO tailwindcss_oxide::scanner: Reading "/home/watzak/master/kamod/preacthub/content/libraries/nanostores.md"
2026-06-19T08:45:11.426812Z  INFO tailwindcss_oxide::scanner: Reading "/home/watzak/master/kamod/preacthub/node_modules/.pnpm/@kamod-ch+ui@file+..+kamod-ui+packages+core_@preact+signals@2.9.2_preact@10.29.2__preact@10.29.2_tailwindcss@4.3.1/node_modules/@kamod-ch/ui/dist/chunk-Q5IUIA6B.js"
2026-06-19T08:45:11.426784Z  INFO tailwindcss_oxide::scanner: Reading "/home/watzak/master/kamod/preacthub/content/libraries/i18next.md"
2026-06-19T08:45:11.426929Z  INFO tailwindcss_oxide::scanner: Reading "/home/watzak/master/kamod/preacthub/content/libraries/i18n.md"
2026-06-19T08:45:11.426764Z  INFO tailwindcss_oxide::scanner: Reading "/home/watzak/master/kamod/preacthub/node_modules/.pnpm/@kamod-ch+ui@file+..+kamod-ui+packages+core_@preact+signals@2.9.2_preact@10.29.2__preact@10.29.2_tailwindcss@4.3.1/node_modules/@kamod-ch/ui/dist/chunk-3KB54OYF.js"
2026-06-19T08:45:11.426824Z  INFO tailwindcss_oxide::scanner: Reading "/home/watzak/master/kamod/preacthub/node_modules/.pnpm/@kamod-ch+ui@file+..+kamod-ui+packages+core_@preact+signals@2.9.2_preact@10.29.2__preact@10.29.2_tailwindcss@4.3.1/node_modules/@kamod-ch/ui/dist/chunk-COPT6I2D.js"
2026-06-19T08:45:11.426824Z  INFO tailwindcss_oxide::scanner: Reading "/home/watzak/master/kamod/preacthub/node_modules/.pnpm/@kamod-ch+ui@file+..+kamod-ui+packages+core_@preact+signals@2.9.2_preact@10.29.2__preact@10.29.2_tailwindcss@4.3.1/node_modules/@kamod-ch/ui/dist/chunk-MKG3UAP6.js"
2026-06-19T08:45:11.426956Z  INFO tailwindcss_oxide::scanner: Reading "/home/watzak/master/kamod/preacthub/node_modules/.pnpm/@kamod-ch+ui@file+..+kamod-ui+packages+core_@preact+signals@2.9.2_preact@10.29.2__preact@10.29.2_tailwindcss@4.3.1/node_modules/@kamod-ch/ui/dist/chunk-C7WEQOUA.js"
2026-06-19T08:45:11.426966Z  INFO tailwindcss_oxide::scanner: Reading "/home/watzak/master/kamod/preacthub/node_modules/.pnpm/@kamod-ch+ui@file+..+kamod-ui+packages+core_@preact+signals@2.9.2_preact@10.29.2__preact@10.29.2_tailwindcss@4.3.1/node_modules/@kamod-ch/ui/dist/chunk-BQP4UA44.js"
2026-06-19T08:45:11.426807Z  INFO tailwindcss_oxide::scanner: Reading "/home/watzak/master/kamod/preacthub/node_modules/.pnpm/@kamod-ch+ui@file+..+kamod-ui+packages+core_@preact+signals@2.9.2_preact@10.29.2__preact@10.29.2_tailwindcss@4.3.1/node_modules/@kamod-ch/ui/dist/chunk-JNF7FDJO.js"
2026-06-19T08:45:11.426812Z  INFO tailwindcss_oxide::scanner: Reading "/home/watzak/master/kamod/preacthub/node_modules/.pnpm/@kamod-ch+ui@file+..+kamod-ui+packages+core_@preact+signals@2.9.2_preact@10.29.2__preact@10.29.2_tailwindcss@4.3.1/node_modules/@kamod-ch/ui/dist/chunk-RHNI5UQO.js"
2026-06-19T08:45:11.426994Z  INFO tailwindcss_oxide::scanner: Reading "/home/watzak/master/kamod/preacthub/node_modules/.pnpm/@kamod-ch+ui@file+..+kamod-ui+packages+core_@preact+signals@2.9.2_preact@10.29.2__preact@10.29.2_tailwindcss@4.3.1/node_modules/@kamod-ch/ui/dist/chunk-ROKLAZHC.js"
2026-06-19T08:45:11.427002Z  INFO tailwindcss_oxide::scanner: Reading "/home/watzak/master/kamod/preacthub/node_modules/.pnpm/@kamod-ch+ui@file+..+kamod-ui+packages+core_@preact+signals@2.9.2_preact@10.29.2__preact@10.29.2_tailwindcss@4.3.1/node_modules/@kamod-ch/ui/dist/chunk-LCWXIQKA.js"
2026-06-19T08:45:11.427018Z  INFO tailwindcss_oxide::scanner: Reading "/home/watzak/master/kamod/preacthub/node_modules/.pnpm/@kamod-ch+ui@file+..+kamod-ui+packages+core_@preact+signals@2.9.2_preact@10.29.2__preact@10.29.2_tailwindcss@4.3.1/node_modules/@kamod-ch/ui/dist/chunk-X4HPHMYW.js"
2026-06-19T08:45:11.427044Z  INFO tailwindcss_oxide::scanner: Reading "/home/watzak/master/kamod/preacthub/node_modules/.pnpm/@kamod-ch+ui@file+..+kamod-ui+packages+core_@preact+signals@2.9.2_preact@10.29.2__preact@10.29.2_tailwindcss@4.3.1/node_modules/@kamod-ch/ui/dist/chunk-HTSAUMF5.js"
2026-06-19T08:45:11.427046Z  INFO tailwindcss_oxide::scanner: Reading "/home/watzak/master/kamod/preacthub/node_modules/.pnpm/@kamod-ch+ui@file+..+kamod-ui+packages+core_@preact+signals@2.9.2_preact@10.29.2__preact@10.29.2_tailwindcss@4.3.1/node_modules/@kamod-ch/ui/dist/chunk-PU5J5EPY.js"
2026-06-19T08:45:11.426817Z  INFO tailwindcss_oxide::scanner: Reading "/home/watzak/master/kamod/preacthub/content/libraries/motion.md"
2026-06-19T08:45:11.427061Z  INFO tailwindcss_oxide::scanner: Reading "/home/watzak/master/kamod/preacthub/node_modules/.pnpm/@kamod-ch+ui@file+..+kamod-ui+packages+core_@preact+signals@2.9.2_preact@10.29.2__preact@10.29.2_tailwindcss@4.3.1/node_modules/@kamod-ch/ui/dist/chunk-WAPRVVDQ.js"
2026-06-19T08:45:11.427065Z  INFO tailwindcss_oxide::scanner: Reading "/home/watzak/master/kamod/preacthub/node_modules/.pnpm/@kamod-ch+ui@file+..+kamod-ui+packages+core_@preact+signals@2.9.2_preact@10.29.2__preact@10.29.2_tailwindcss@4.3.1/node_modules/@kamod-ch/ui/dist/chunk-YVALXJRN.js"
2026-06-19T08:45:11.426834Z  INFO tailwindcss_oxide::scanner: Reading "/home/watzak/master/kamod/preacthub/node_modules/.pnpm/@kamod-ch+ui@file+..+kamod-ui+packages+core_@preact+signals@2.9.2_preact@10.29.2__preact@10.29.2_tailwindcss@4.3.1/node_modules/@kamod-ch/ui/dist/lib/interactive/index.js"
2026-06-19T08:45:11.427083Z  INFO tailwindcss_oxide::scanner: Reading "/home/watzak/master/kamod/preacthub/content/libraries/preact-devtools.md"
2026-06-19T08:45:11.427096Z  INFO tailwindcss_oxide::scanner: Reading "/home/watzak/master/kamod/preacthub/node_modules/.pnpm/@kamod-ch+ui@file+..+kamod-ui+packages+core_@preact+signals@2.9.2_preact@10.29.2__preact@10.29.2_tailwindcss@4.3.1/node_modules/@kamod-ch/ui/dist/lib/utils.js"
2026-06-19T08:45:11.426850Z  INFO tailwindcss_oxide::scanner: Reading "/home/watzak/master/kamod/preacthub/content/libraries/echarts.md"
2026-06-19T08:45:11.427111Z  INFO tailwindcss_oxide::scanner: Reading "/home/watzak/master/kamod/preacthub/content/libraries/data-fetching.md"
2026-06-19T08:45:11.426863Z  INFO tailwindcss_oxide::scanner: Reading "/home/watzak/master/kamod/preacthub/node_modules/.pnpm/@kamod-ch+ui@file+..+kamod-ui+packages+core_@preact+signals@2.9.2_preact@10.29.2__preact@10.29.2_tailwindcss@4.3.1/node_modules/@kamod-ch/ui/dist/chunk-2HZCH73K.js"
2026-06-19T08:45:11.427120Z  INFO tailwindcss_oxide::scanner: Reading "/home/watzak/master/kamod/preacthub/node_modules/.pnpm/@kamod-ch+ui@file+..+kamod-ui+packages+core_@preact+signals@2.9.2_preact@10.29.2__preact@10.29.2_tailwindcss@4.3.1/node_modules/@kamod-ch/ui/dist/components/badge/index.js"
2026-06-19T08:45:11.427128Z  INFO tailwindcss_oxide::scanner: Reading "/home/watzak/master/kamod/preacthub/content/libraries/preact-custom-element.md"
2026-06-19T08:45:11.426876Z  INFO tailwindcss_oxide::scanner: Reading "/home/watzak/master/kamod/preacthub/content/libraries/preact-router.md"
2026-06-19T08:45:11.427134Z  INFO tailwindcss_oxide::scanner: Reading "/home/watzak/master/kamod/preacthub/content/libraries/lingui.md"
2026-06-19T08:45:11.426881Z  INFO tailwindcss_oxide::scanner: Reading "/home/watzak/master/kamod/preacthub/content/libraries/react-aria.md"
2026-06-19T08:45:11.427146Z  INFO tailwindcss_oxide::scanner: Reading "/home/watzak/master/kamod/preacthub/node_modules/.pnpm/@kamod-ch+ui@file+..+kamod-ui+packages+core_@preact+signals@2.9.2_preact@10.29.2__preact@10.29.2_tailwindcss@4.3.1/node_modules/@kamod-ch/ui/dist/chunk-QZX3RFIC.js"
2026-06-19T08:45:11.427149Z  INFO tailwindcss_oxide::scanner: Reading "/home/watzak/master/kamod/preacthub/content/libraries/zustand.md"
2026-06-19T08:45:11.426932Z  INFO tailwindcss_oxide::scanner: Reading "/home/watzak/master/kamod/preacthub/node_modules/.pnpm/@kamod-ch+ui@file+..+kamod-ui+packages+core_@preact+signals@2.9.2_preact@10.29.2__preact@10.29.2_tailwindcss@4.3.1/node_modules/@kamod-ch/ui/dist/chunk-V63YIVKJ.js"
2026-06-19T08:45:11.427163Z  INFO tailwindcss_oxide::scanner: Reading "/home/watzak/master/kamod/preacthub/node_modules/.pnpm/@kamod-ch+ui@file+..+kamod-ui+packages+core_@preact+signals@2.9.2_preact@10.29.2__preact@10.29.2_tailwindcss@4.3.1/node_modules/@kamod-ch/ui/dist/chunk-GGTDJEE2.js"
2026-06-19T08:45:11.426934Z  INFO tailwindcss_oxide::scanner: Reading "/home/watzak/master/kamod/preacthub/content/libraries/forms.md"
2026-06-19T08:45:11.427176Z  INFO tailwindcss_oxide::scanner: Reading "/home/watzak/master/kamod/preacthub/node_modules/.pnpm/@kamod-ch+ui@file+..+kamod-ui+packages+core_@preact+signals@2.9.2_preact@10.29.2__preact@10.29.2_tailwindcss@4.3.1/node_modules/@kamod-ch/ui/dist/chunk-4BJJOHZT.js"
2026-06-19T08:45:11.426932Z  INFO tailwindcss_oxide::scanner: Reading "/home/watzak/master/kamod/preacthub/node_modules/.pnpm/@kamod-ch+ui@file+..+kamod-ui+packages+core_@preact+signals@2.9.2_preact@10.29.2__preact@10.29.2_tailwindcss@4.3.1/node_modules/@kamod-ch/ui/dist/chunk-J4DMQV64.js"
2026-06-19T08:45:11.427179Z  INFO tailwindcss_oxide::scanner: Reading "/home/watzak/master/kamod/preacthub/node_modules/.pnpm/@kamod-ch+ui@file+..+kamod-ui+packages+core_@preact+signals@2.9.2_preact@10.29.2__preact@10.29.2_tailwindcss@4.3.1/node_modules/@kamod-ch/ui/dist/chunk-ZHAGKFSO.js"
2026-06-19T08:45:11.427189Z  INFO tailwindcss_oxide::scanner: Reading "/home/watzak/master/kamod/preacthub/node_modules/.pnpm/@kamod-ch+ui@file+..+kamod-ui+packages+core_@preact+signals@2.9.2_preact@10.29.2__preact@10.29.2_tailwindcss@4.3.1/node_modules/@kamod-ch/ui/dist/chunk-4V3WHQJE.js"
2026-06-19T08:45:11.427197Z  INFO tailwindcss_oxide::scanner: Reading "/home/watzak/master/kamod/preacthub/node_modules/.pnpm/@kamod-ch+ui@file+..+kamod-ui+packages+core_@preact+signals@2.9.2_preact@10.29.2__preact@10.29.2_tailwindcss@4.3.1/node_modules/@kamod-ch/ui/dist/chunk-R565SY7K.js"
2026-06-19T08:45:11.427196Z  INFO tailwindcss_oxide::scanner: Reading "/home/watzak/master/kamod/preacthub/node_modules/.pnpm/@kamod-ch+ui@file+..+kamod-ui+packages+core_@preact+signals@2.9.2_preact@10.29.2__preact@10.29.2_tailwindcss@4.3.1/node_modules/@kamod-ch/ui/dist/index.js"
2026-06-19T08:45:11.427198Z  INFO tailwindcss_oxide::scanner: Reading "/home/watzak/master/kamod/preacthub/node_modules/.pnpm/@kamod-ch+ui@file+..+kamod-ui+packages+core_@preact+signals@2.9.2_preact@10.29.2__preact@10.29.2_tailwindcss@4.3.1/node_modules/@kamod-ch/ui/dist/chunk-LCMPFPBN.js"
2026-06-19T08:45:11.426819Z  INFO tailwindcss_oxide::scanner: Reading "/home/watzak/master/kamod/preacthub/content/libraries/preact-testing-library.md"
2026-06-19T08:45:11.426946Z  INFO tailwindcss_oxide::scanner: Reading "/home/watzak/master/kamod/preacthub/content/libraries/ui.md"
2026-06-19T08:45:11.426788Z  INFO tailwindcss_oxide::scanner: Reading "/home/watzak/master/kamod/preacthub/content/libraries/floating-ui.md"
2026-06-19T08:45:11.427279Z  INFO tailwindcss_oxide::scanner: Reading "/home/watzak/master/kamod/preacthub/node_modules/.pnpm/@kamod-ch+ui@file+..+kamod-ui+packages+core_@preact+signals@2.9.2_preact@10.29.2__preact@10.29.2_tailwindcss@4.3.1/node_modules/@kamod-ch/ui/dist/chunk-CMBERB5B.js"
2026-06-19T08:45:11.426961Z  INFO tailwindcss_oxide::scanner: Reading "/home/watzak/master/kamod/preacthub/node_modules/.pnpm/@kamod-ch+ui@file+..+kamod-ui+packages+core_@preact+signals@2.9.2_preact@10.29.2__preact@10.29.2_tailwindcss@4.3.1/node_modules/@kamod-ch/ui/dist/chunk-FIOKWIJP.js"
2026-06-19T08:45:11.426976Z  INFO tailwindcss_oxide::scanner: Reading "/home/watzak/master/kamod/preacthub/node_modules/.pnpm/@kamod-ch+ui@file+..+kamod-ui+packages+core_@preact+signals@2.9.2_preact@10.29.2__preact@10.29.2_tailwindcss@4.3.1/node_modules/@kamod-ch/ui/dist/chunk-4IBTERDG.js"
2026-06-19T08:45:11.427299Z  INFO tailwindcss_oxide::scanner: Reading "/home/watzak/master/kamod/preacthub/node_modules/.pnpm/@kamod-ch+ui@file+..+kamod-ui+packages+core_@preact+signals@2.9.2_preact@10.29.2__preact@10.29.2_tailwindcss@4.3.1/node_modules/@kamod-ch/ui/dist/chunk-YJGECAOZ.js"
2026-06-19T08:45:11.426826Z  INFO tailwindcss_oxide::scanner: Reading "/home/watzak/master/kamod/preacthub/node_modules/.pnpm/@kamod-ch+ui@file+..+kamod-ui+packages+core_@preact+signals@2.9.2_preact@10.29.2__preact@10.29.2_tailwindcss@4.3.1/node_modules/@kamod-ch/ui/dist/chunk-NKKMM6CK.js"
2026-06-19T08:45:11.426983Z  INFO tailwindcss_oxide::scanner: Reading "/home/watzak/master/kamod/preacthub/node_modules/.pnpm/@kamod-ch+ui@file+..+kamod-ui+packages+core_@preact+signals@2.9.2_preact@10.29.2__preact@10.29.2_tailwindcss@4.3.1/node_modules/@kamod-ch/ui/dist/chunk-ERBGZZ2U.js"
2026-06-19T08:45:11.427328Z  INFO tailwindcss_oxide::scanner: Reading "/home/watzak/master/kamod/preacthub/node_modules/.pnpm/@kamod-ch+ui@file+..+kamod-ui+packages+core_@preact+signals@2.9.2_preact@10.29.2__preact@10.29.2_tailwindcss@4.3.1/node_modules/@kamod-ch/ui/dist/chunk-NGKQBNZ5.js"
2026-06-19T08:45:11.427334Z  INFO tailwindcss_oxide::scanner: Reading "/home/watzak/master/kamod/preacthub/node_modules/.pnpm/@kamod-ch+ui@file+..+kamod-ui+packages+core_@preact+signals@2.9.2_preact@10.29.2__preact@10.29.2_tailwindcss@4.3.1/node_modules/@kamod-ch/ui/dist/chunk-IJ4ZRIR4.js"
2026-06-19T08:45:11.427341Z  INFO tailwindcss_oxide::scanner: Reading "/home/watzak/master/kamod/preacthub/node_modules/.pnpm/@kamod-ch+ui@file+..+kamod-ui+packages+core_@preact+signals@2.9.2_preact@10.29.2__preact@10.29.2_tailwindcss@4.3.1/node_modules/@kamod-ch/ui/dist/chunk-26CRIZXP.js"
2026-06-19T08:45:11.427342Z  INFO tailwindcss_oxide::scanner: Reading "/home/watzak/master/kamod/preacthub/node_modules/.pnpm/@kamod-ch+ui@file+..+kamod-ui+packages+core_@preact+signals@2.9.2_preact@10.29.2__preact@10.29.2_tailwindcss@4.3.1/node_modules/@kamod-ch/ui/dist/chunk-7MITRFPE.js"
2026-06-19T08:45:11.427350Z  INFO tailwindcss_oxide::scanner: Reading "/home/watzak/master/kamod/preacthub/node_modules/.pnpm/@kamod-ch+ui@file+..+kamod-ui+packages+core_@preact+signals@2.9.2_preact@10.29.2__preact@10.29.2_tailwindcss@4.3.1/node_modules/@kamod-ch/ui/dist/chunk-YTHUHPE5.js"
2026-06-19T08:45:11.427351Z  INFO tailwindcss_oxide::scanner: Reading "/home/watzak/master/kamod/preacthub/node_modules/.pnpm/@kamod-ch+ui@file+..+kamod-ui+packages+core_@preact+signals@2.9.2_preact@10.29.2__preact@10.29.2_tailwindcss@4.3.1/node_modules/@kamod-ch/ui/dist/chunk-PGOCR4LG.js"
2026-06-19T08:45:11.427357Z  INFO tailwindcss_oxide::scanner: Reading "/home/watzak/master/kamod/preacthub/node_modules/.pnpm/@kamod-ch+ui@file+..+kamod-ui+packages+core_@preact+signals@2.9.2_preact@10.29.2__preact@10.29.2_tailwindcss@4.3.1/node_modules/@kamod-ch/ui/dist/chunk-TFLSEEM4.js"
2026-06-19T08:45:11.427358Z  INFO tailwindcss_oxide::scanner: Reading "/home/watzak/master/kamod/preacthub/node_modules/.pnpm/@kamod-ch+ui@file+..+kamod-ui+packages+core_@preact+signals@2.9.2_preact@10.29.2__preact@10.29.2_tailwindcss@4.3.1/node_modules/@kamod-ch/ui/dist/chunk-PZS2D2QM.js"
2026-06-19T08:45:11.427365Z  INFO tailwindcss_oxide::scanner: Reading "/home/watzak/master/kamod/preacthub/node_modules/.pnpm/@kamod-ch+ui@file+..+kamod-ui+packages+core_@preact+signals@2.9.2_preact@10.29.2__preact@10.29.2_tailwindcss@4.3.1/node_modules/@kamod-ch/ui/dist/chunk-5FBD2NTR.js"
2026-06-19T08:45:11.427367Z  INFO tailwindcss_oxide::scanner: Reading "/home/watzak/master/kamod/preacthub/node_modules/.pnpm/@kamod-ch+ui@file+..+kamod-ui+packages+core_@preact+signals@2.9.2_preact@10.29.2__preact@10.29.2_tailwindcss@4.3.1/node_modules/@kamod-ch/ui/dist/chunk-LFJF3M6M.js"
2026-06-19T08:45:11.427372Z  INFO tailwindcss_oxide::scanner: Reading "/home/watzak/master/kamod/preacthub/node_modules/.pnpm/@kamod-ch+ui@file+..+kamod-ui+packages+core_@preact+signals@2.9.2_preact@10.29.2__preact@10.29.2_tailwindcss@4.3.1/node_modules/@kamod-ch/ui/dist/chunk-ZVAW22GX.js"
2026-06-19T08:45:11.427385Z  INFO tailwindcss_oxide::scanner: Reading "/home/watzak/master/kamod/preacthub/node_modules/.pnpm/@kamod-ch+ui@file+..+kamod-ui+packages+core_@preact+signals@2.9.2_preact@10.29.2__preact@10.29.2_tailwindcss@4.3.1/node_modules/@kamod-ch/ui/dist/components/skeleton/index.js"
2026-06-19T08:45:11.427386Z  INFO tailwindcss_oxide::scanner: Reading "/home/watzak/master/kamod/preacthub/node_modules/.pnpm/@kamod-ch+ui@file+..+kamod-ui+packages+core_@preact+signals@2.9.2_preact@10.29.2__preact@10.29.2_tailwindcss@4.3.1/node_modules/@kamod-ch/ui/dist/chunk-CP55TVOV.js"
2026-06-19T08:45:11.426820Z  INFO tailwindcss_oxide::scanner: Reading "/home/watzak/master/kamod/preacthub/node_modules/.pnpm/@kamod-ch+ui@file+..+kamod-ui+packages+core_@preact+signals@2.9.2_preact@10.29.2__preact@10.29.2_tailwindcss@4.3.1/node_modules/@kamod-ch/ui/dist/components/typography/index.js"
2026-06-19T08:45:11.427414Z  INFO tailwindcss_oxide::scanner: Reading "/home/watzak/master/kamod/preacthub/node_modules/.pnpm/@kamod-ch+ui@file+..+kamod-ui+packages+core_@preact+signals@2.9.2_preact@10.29.2__preact@10.29.2_tailwindcss@4.3.1/node_modules/@kamod-ch/ui/dist/components/textarea/index.js"
2026-06-19T08:45:11.427437Z  INFO tailwindcss_oxide::scanner: Reading "/home/watzak/master/kamod/preacthub/node_modules/.pnpm/@kamod-ch+ui@file+..+kamod-ui+packages+core_@preact+signals@2.9.2_preact@10.29.2__preact@10.29.2_tailwindcss@4.3.1/node_modules/@kamod-ch/ui/dist/components/date-picker/index.js"
2026-06-19T08:45:11.427451Z  INFO tailwindcss_oxide::scanner: Reading "/home/watzak/master/kamod/preacthub/node_modules/.pnpm/@kamod-ch+ui@file+..+kamod-ui+packages+core_@preact+signals@2.9.2_preact@10.29.2__preact@10.29.2_tailwindcss@4.3.1/node_modules/@kamod-ch/ui/dist/components/table/index.js"
2026-06-19T08:45:11.427464Z  INFO tailwindcss_oxide::scanner: Reading "/home/watzak/master/kamod/preacthub/node_modules/.pnpm/@kamod-ch+ui@file+..+kamod-ui+packages+core_@preact+signals@2.9.2_preact@10.29.2__preact@10.29.2_tailwindcss@4.3.1/node_modules/@kamod-ch/ui/dist/components/alert/index.js"
2026-06-19T08:45:11.427488Z  INFO tailwindcss_oxide::scanner: Reading "/home/watzak/master/kamod/preacthub/node_modules/.pnpm/@kamod-ch+ui@file+..+kamod-ui+packages+core_@preact+signals@2.9.2_preact@10.29.2__preact@10.29.2_tailwindcss@4.3.1/node_modules/@kamod-ch/ui/dist/components/data-table/index.js"
2026-06-19T08:45:11.427501Z  INFO tailwindcss_oxide::scanner: Reading "/home/watzak/master/kamod/preacthub/node_modules/.pnpm/@kamod-ch+ui@file+..+kamod-ui+packages+core_@preact+signals@2.9.2_preact@10.29.2__preact@10.29.2_tailwindcss@4.3.1/node_modules/@kamod-ch/ui/dist/components/navigation-menu/index.js"
2026-06-19T08:45:11.427083Z  INFO tailwindcss_oxide::scanner: Reading "/home/watzak/master/kamod/preacthub/node_modules/.pnpm/@kamod-ch+ui@file+..+kamod-ui+packages+core_@preact+signals@2.9.2_preact@10.29.2__preact@10.29.2_tailwindcss@4.3.1/node_modules/@kamod-ch/ui/dist/chunk-GIU6BZTW.js"
2026-06-19T08:45:11.427512Z  INFO tailwindcss_oxide::scanner: Reading "/home/watzak/master/kamod/preacthub/node_modules/.pnpm/@kamod-ch+ui@file+..+kamod-ui+packages+core_@preact+signals@2.9.2_preact@10.29.2__preact@10.29.2_tailwindcss@4.3.1/node_modules/@kamod-ch/ui/dist/components/alert-dialog/index.js"
2026-06-19T08:45:11.427524Z  INFO tailwindcss_oxide::scanner: Reading "/home/watzak/master/kamod/preacthub/node_modules/.pnpm/@kamod-ch+ui@file+..+kamod-ui+packages+core_@preact+signals@2.9.2_preact@10.29.2__preact@10.29.2_tailwindcss@4.3.1/node_modules/@kamod-ch/ui/dist/components/avatar/index.js"
2026-06-19T08:45:11.427536Z  INFO tailwindcss_oxide::scanner: Reading "/home/watzak/master/kamod/preacthub/node_modules/.pnpm/@kamod-ch+ui@file+..+kamod-ui+packages+core_@preact+signals@2.9.2_preact@10.29.2__preact@10.29.2_tailwindcss@4.3.1/node_modules/@kamod-ch/ui/dist/components/prose/index.js"
2026-06-19T08:45:11.427550Z  INFO tailwindcss_oxide::scanner: Reading "/home/watzak/master/kamod/preacthub/node_modules/.pnpm/@kamod-ch+ui@file+..+kamod-ui+packages+core_@preact+signals@2.9.2_preact@10.29.2__preact@10.29.2_tailwindcss@4.3.1/node_modules/@kamod-ch/ui/dist/chunk-MD6HHORY.js"
2026-06-19T08:45:11.427087Z  INFO tailwindcss_oxide::scanner: Reading "/home/watzak/master/kamod/preacthub/node_modules/.pnpm/@kamod-ch+ui@file+..+kamod-ui+packages+core_@preact+signals@2.9.2_preact@10.29.2__preact@10.29.2_tailwindcss@4.3.1/node_modules/@kamod-ch/ui/dist/chunk-U2UNWXBC.js"
2026-06-19T08:45:11.427144Z  INFO tailwindcss_oxide::scanner: Reading "/home/watzak/master/kamod/preacthub/content/libraries/preact-render-to-string.md"
2026-06-19T08:45:11.426909Z  INFO tailwindcss_oxide::scanner: Reading "/home/watzak/master/kamod/preacthub/node_modules/.pnpm/@kamod-ch+ui@file+..+kamod-ui+packages+core_@preact+signals@2.9.2_preact@10.29.2__preact@10.29.2_tailwindcss@4.3.1/node_modules/@kamod-ch/ui/dist/chunk-JURNPBSW.js"
2026-06-19T08:45:11.427600Z  INFO tailwindcss_oxide::scanner: Reading "/home/watzak/master/kamod/preacthub/node_modules/.pnpm/@kamod-ch+ui@file+..+kamod-ui+packages+core_@preact+signals@2.9.2_preact@10.29.2__preact@10.29.2_tailwindcss@4.3.1/node_modules/@kamod-ch/ui/dist/components/collapsible/index.js"
2026-06-19T08:45:11.427153Z  INFO tailwindcss_oxide::scanner: Reading "/home/watzak/master/kamod/preacthub/content/libraries/state-management.md"
2026-06-19T08:45:11.427612Z  INFO tailwindcss_oxide::scanner: Reading "/home/watzak/master/kamod/preacthub/node_modules/.pnpm/@kamod-ch+ui@file+..+kamod-ui+packages+core_@preact+signals@2.9.2_preact@10.29.2__preact@10.29.2_tailwindcss@4.3.1/node_modules/@kamod-ch/ui/dist/chunk-6FYSVMH7.js"
2026-06-19T08:45:11.427164Z  INFO tailwindcss_oxide::scanner: Reading "/home/watzak/master/kamod/preacthub/node_modules/.pnpm/@kamod-ch+ui@file+..+kamod-ui+packages+core_@preact+signals@2.9.2_preact@10.29.2__preact@10.29.2_tailwindcss@4.3.1/node_modules/@kamod-ch/ui/dist/chunk-UEGIKBX6.js"
2026-06-19T08:45:11.427622Z  INFO tailwindcss_oxide::scanner: Reading "/home/watzak/master/kamod/preacthub/node_modules/.pnpm/@kamod-ch+ui@file+..+kamod-ui+packages+core_@preact+signals@2.9.2_preact@10.29.2__preact@10.29.2_tailwindcss@4.3.1/node_modules/@kamod-ch/ui/dist/chunk-V2MG5Y5F.js"
2026-06-19T08:45:11.427625Z  INFO tailwindcss_oxide::scanner: Reading "/home/watzak/master/kamod/preacthub/content/libraries/routing.md"
2026-06-19T08:45:11.427628Z  INFO tailwindcss_oxide::scanner: Reading "/home/watzak/master/kamod/preacthub/node_modules/.pnpm/@kamod-ch+ui@file+..+kamod-ui+packages+core_@preact+signals@2.9.2_preact@10.29.2__preact@10.29.2_tailwindcss@4.3.1/node_modules/@kamod-ch/ui/dist/components/dropdown/index.js"
2026-06-19T08:45:11.427633Z  INFO tailwindcss_oxide::scanner: Reading "/home/watzak/master/kamod/preacthub/node_modules/.pnpm/@kamod-ch+ui@file+..+kamod-ui+packages+core_@preact+signals@2.9.2_preact@10.29.2__preact@10.29.2_tailwindcss@4.3.1/node_modules/@kamod-ch/ui/dist/chunk-QFDTG2ZJ.js"
2026-06-19T08:45:11.427635Z  INFO tailwindcss_oxide::scanner: Reading "/home/watzak/master/kamod/preacthub/node_modules/.pnpm/@kamod-ch+ui@file+..+kamod-ui+packages+core_@preact+signals@2.9.2_preact@10.29.2__preact@10.29.2_tailwindcss@4.3.1/node_modules/@kamod-ch/ui/dist/components/breadcrumb/index.js"
2026-06-19T08:45:11.427640Z  INFO tailwindcss_oxide::scanner: Reading "/home/watzak/master/kamod/preacthub/node_modules/.pnpm/@kamod-ch+ui@file+..+kamod-ui+packages+core_@preact+signals@2.9.2_preact@10.29.2__preact@10.29.2_tailwindcss@4.3.1/node_modules/@kamod-ch/ui/dist/chunk-PFV7YIEP.js"
2026-06-19T08:45:11.427642Z  INFO tailwindcss_oxide::scanner: Reading "/home/watzak/master/kamod/preacthub/node_modules/.pnpm/@kamod-ch+ui@file+..+kamod-ui+packages+core_@preact+signals@2.9.2_preact@10.29.2__preact@10.29.2_tailwindcss@4.3.1/node_modules/@kamod-ch/ui/dist/components/input-otp/index.js"
2026-06-19T08:45:11.427643Z  INFO tailwindcss_oxide::scanner: Reading "/home/watzak/master/kamod/preacthub/content/libraries/preact-signals.md"
2026-06-19T08:45:11.427646Z  INFO tailwindcss_oxide::scanner: Reading "/home/watzak/master/kamod/preacthub/node_modules/.pnpm/@kamod-ch+ui@file+..+kamod-ui+packages+core_@preact+signals@2.9.2_preact@10.29.2__preact@10.29.2_tailwindcss@4.3.1/node_modules/@kamod-ch/ui/dist/chunk-RTIFG4XT.js"
2026-06-19T08:45:11.427650Z  INFO tailwindcss_oxide::scanner: Reading "/home/watzak/master/kamod/preacthub/node_modules/.pnpm/@kamod-ch+ui@file+..+kamod-ui+packages+core_@preact+signals@2.9.2_preact@10.29.2__preact@10.29.2_tailwindcss@4.3.1/node_modules/@kamod-ch/ui/dist/components/switch/index.js"
2026-06-19T08:45:11.427656Z  INFO tailwindcss_oxide::scanner: Reading "/home/watzak/master/kamod/preacthub/node_modules/.pnpm/@kamod-ch+ui@file+..+kamod-ui+packages+core_@preact+signals@2.9.2_preact@10.29.2__preact@10.29.2_tailwindcss@4.3.1/node_modules/@kamod-ch/ui/dist/components/carousel/index.js"
2026-06-19T08:45:11.427655Z  INFO tailwindcss_oxide::scanner: Reading "/home/watzak/master/kamod/preacthub/node_modules/.pnpm/@kamod-ch+ui@file+..+kamod-ui+packages+core_@preact+signals@2.9.2_preact@10.29.2__preact@10.29.2_tailwindcss@4.3.1/node_modules/@kamod-ch/ui/dist/components/tooltip/index.js"
2026-06-19T08:45:11.427666Z  INFO tailwindcss_oxide::scanner: Reading "/home/watzak/master/kamod/preacthub/node_modules/.pnpm/@kamod-ch+ui@file+..+kamod-ui+packages+core_@preact+signals@2.9.2_preact@10.29.2__preact@10.29.2_tailwindcss@4.3.1/node_modules/@kamod-ch/ui/dist/components/locale-segment-group/index.js"
2026-06-19T08:45:11.427665Z  INFO tailwindcss_oxide::scanner: Reading "/home/watzak/master/kamod/preacthub/content/libraries/wouter-preact.md"
2026-06-19T08:45:11.427209Z  INFO tailwindcss_oxide::scanner: Reading "/home/watzak/master/kamod/preacthub/node_modules/.pnpm/@kamod-ch+ui@file+..+kamod-ui+packages+core_@preact+signals@2.9.2_preact@10.29.2__preact@10.29.2_tailwindcss@4.3.1/node_modules/@kamod-ch/ui/dist/chunk-GKH7GU3F.js"
2026-06-19T08:45:11.427140Z  INFO tailwindcss_oxide::scanner: Reading "/home/watzak/master/kamod/preacthub/node_modules/.pnpm/@kamod-ch+ui@file+..+kamod-ui+packages+core_@preact+signals@2.9.2_preact@10.29.2__preact@10.29.2_tailwindcss@4.3.1/node_modules/@kamod-ch/ui/dist/components/field/index.js"
2026-06-19T08:45:11.427689Z  INFO tailwindcss_oxide::scanner: Reading "/home/watzak/master/kamod/preacthub/node_modules/.pnpm/@kamod-ch+ui@file+..+kamod-ui+packages+core_@preact+signals@2.9.2_preact@10.29.2__preact@10.29.2_tailwindcss@4.3.1/node_modules/@kamod-ch/ui/dist/chunk-UXWUFNXY.js"
2026-06-19T08:45:11.427690Z  INFO tailwindcss_oxide::scanner: Reading "/home/watzak/master/kamod/preacthub/node_modules/.pnpm/@kamod-ch+ui@file+..+kamod-ui+packages+core_@preact+signals@2.9.2_preact@10.29.2__preact@10.29.2_tailwindcss@4.3.1/node_modules/@kamod-ch/ui/dist/chunk-7IOAIEIA.js"
2026-06-19T08:45:11.427282Z  INFO tailwindcss_oxide::scanner: Reading "/home/watzak/master/kamod/preacthub/node_modules/.pnpm/@kamod-ch+ui@file+..+kamod-ui+packages+core_@preact+signals@2.9.2_preact@10.29.2__preact@10.29.2_tailwindcss@4.3.1/node_modules/@kamod-ch/ui/dist/chunk-XGFJJ2YB.js"
2026-06-19T08:45:11.427702Z  INFO tailwindcss_oxide::scanner: Reading "/home/watzak/master/kamod/preacthub/node_modules/.pnpm/@kamod-ch+ui@file+..+kamod-ui+packages+core_@preact+signals@2.9.2_preact@10.29.2__preact@10.29.2_tailwindcss@4.3.1/node_modules/@kamod-ch/ui/dist/chunk-5KS2VSX2.js"
2026-06-19T08:45:11.427700Z  INFO tailwindcss_oxide::scanner: Reading "/home/watzak/master/kamod/preacthub/node_modules/.pnpm/@kamod-ch+ui@file+..+kamod-ui+packages+core_@preact+signals@2.9.2_preact@10.29.2__preact@10.29.2_tailwindcss@4.3.1/node_modules/@kamod-ch/ui/dist/components/toast/index.js"
2026-06-19T08:45:11.427708Z  INFO tailwindcss_oxide::scanner: Reading "/home/watzak/master/kamod/preacthub/node_modules/.pnpm/@kamod-ch+ui@file+..+kamod-ui+packages+core_@preact+signals@2.9.2_preact@10.29.2__preact@10.29.2_tailwindcss@4.3.1/node_modules/@kamod-ch/ui/dist/chunk-HAAXVB3R.js"
2026-06-19T08:45:11.427714Z  INFO tailwindcss_oxide::scanner: Reading "/home/watzak/master/kamod/preacthub/node_modules/.pnpm/@kamod-ch+ui@file+..+kamod-ui+packages+core_@preact+signals@2.9.2_preact@10.29.2__preact@10.29.2_tailwindcss@4.3.1/node_modules/@kamod-ch/ui/dist/components/selectable-card/index.js"
2026-06-19T08:45:11.427712Z  INFO tailwindcss_oxide::scanner: Reading "/home/watzak/master/kamod/preacthub/node_modules/.pnpm/@kamod-ch+ui@file+..+kamod-ui+packages+core_@preact+signals@2.9.2_preact@10.29.2__preact@10.29.2_tailwindcss@4.3.1/node_modules/@kamod-ch/ui/dist/chunk-G6TV6TF7.js"
2026-06-19T08:45:11.427716Z  INFO tailwindcss_oxide::scanner: Reading "/home/watzak/master/kamod/preacthub/node_modules/.pnpm/@kamod-ch+ui@file+..+kamod-ui+packages+core_@preact+signals@2.9.2_preact@10.29.2__preact@10.29.2_tailwindcss@4.3.1/node_modules/@kamod-ch/ui/dist/chunk-3DNIMQX6.js"
2026-06-19T08:45:11.427176Z  INFO tailwindcss_oxide::scanner: Reading "/home/watzak/master/kamod/preacthub/node_modules/.pnpm/@kamod-ch+ui@file+..+kamod-ui+packages+core_@preact+signals@2.9.2_preact@10.29.2__preact@10.29.2_tailwindcss@4.3.1/node_modules/@kamod-ch/ui/dist/components/accordion/index.js"
2026-06-19T08:45:11.427728Z  INFO tailwindcss_oxide::scanner: Reading "/home/watzak/master/kamod/preacthub/node_modules/.pnpm/@kamod-ch+ui@file+..+kamod-ui+packages+core_@preact+signals@2.9.2_preact@10.29.2__preact@10.29.2_tailwindcss@4.3.1/node_modules/@kamod-ch/ui/dist/chunk-D3DQ4ICC.js"
2026-06-19T08:45:11.427730Z  INFO tailwindcss_oxide::scanner: Reading "/home/watzak/master/kamod/preacthub/node_modules/.pnpm/@kamod-ch+ui@file+..+kamod-ui+packages+core_@preact+signals@2.9.2_preact@10.29.2__preact@10.29.2_tailwindcss@4.3.1/node_modules/@kamod-ch/ui/dist/chunk-UNWEH4Z6.js"
2026-06-19T08:45:11.427320Z  INFO tailwindcss_oxide::scanner: Reading "/home/watzak/master/kamod/preacthub/node_modules/.pnpm/@kamod-ch+ui@file+..+kamod-ui+packages+core_@preact+signals@2.9.2_preact@10.29.2__preact@10.29.2_tailwindcss@4.3.1/node_modules/@kamod-ch/ui/dist/chunk-7AJT2E2Y.js"
2026-06-19T08:45:11.427738Z  INFO tailwindcss_oxide::scanner: Reading "/home/watzak/master/kamod/preacthub/node_modules/.pnpm/@kamod-ch+ui@file+..+kamod-ui+packages+core_@preact+signals@2.9.2_preact@10.29.2__preact@10.29.2_tailwindcss@4.3.1/node_modules/@kamod-ch/ui/dist/chunk-6BK3PIRX.js"
2026-06-19T08:45:11.427392Z  INFO tailwindcss_oxide::scanner: Reading "/home/watzak/master/kamod/preacthub/node_modules/.pnpm/@kamod-ch+ui@file+..+kamod-ui+packages+core_@preact+signals@2.9.2_preact@10.29.2__preact@10.29.2_tailwindcss@4.3.1/node_modules/@kamod-ch/ui/dist/components/progress/index.js"
2026-06-19T08:45:11.427743Z  INFO tailwindcss_oxide::scanner: Reading "/home/watzak/master/kamod/preacthub/content/libraries/submit.md"
2026-06-19T08:45:11.427745Z  INFO tailwindcss_oxide::scanner: Reading "/home/watzak/master/kamod/preacthub/node_modules/.pnpm/@kamod-ch+ui@file+..+kamod-ui+packages+core_@preact+signals@2.9.2_preact@10.29.2__preact@10.29.2_tailwindcss@4.3.1/node_modules/@kamod-ch/ui/dist/chunk-UEXTD7ZB.js"
2026-06-19T08:45:11.427744Z  INFO tailwindcss_oxide::scanner: Reading "/home/watzak/master/kamod/preacthub/node_modules/.pnpm/@kamod-ch+ui@file+..+kamod-ui+packages+core_@preact+signals@2.9.2_preact@10.29.2__preact@10.29.2_tailwindcss@4.3.1/node_modules/@kamod-ch/ui/dist/components/item/index.js"
2026-06-19T08:45:11.427747Z  INFO tailwindcss_oxide::scanner: Reading "/home/watzak/master/kamod/preacthub/content/libraries/ssr.md"
2026-06-19T08:45:11.427754Z  INFO tailwindcss_oxide::scanner: Reading "/home/watzak/master/kamod/preacthub/node_modules/.pnpm/@kamod-ch+ui@file+..+kamod-ui+packages+core_@preact+signals@2.9.2_preact@10.29.2__preact@10.29.2_tailwindcss@4.3.1/node_modules/@kamod-ch/ui/dist/components/input/index.js"
2026-06-19T08:45:11.427752Z  INFO tailwindcss_oxide::scanner: Reading "/home/watzak/master/kamod/preacthub/node_modules/.pnpm/@kamod-ch+ui@file+..+kamod-ui+packages+core_@preact+signals@2.9.2_preact@10.29.2__preact@10.29.2_tailwindcss@4.3.1/node_modules/@kamod-ch/ui/dist/components/radio-group/index.js"
2026-06-19T08:45:11.427763Z  INFO tailwindcss_oxide::scanner: Reading "/home/watzak/master/kamod/preacthub/node_modules/.pnpm/@kamod-ch+ui@file+..+kamod-ui+packages+core_@preact+signals@2.9.2_preact@10.29.2__preact@10.29.2_tailwindcss@4.3.1/node_modules/@kamod-ch/ui/dist/components/sonner/index.js"
2026-06-19T08:45:11.427578Z  INFO tailwindcss_oxide::scanner: Reading "/home/watzak/master/kamod/preacthub/node_modules/.pnpm/@kamod-ch+ui@file+..+kamod-ui+packages+core_@preact+signals@2.9.2_preact@10.29.2__preact@10.29.2_tailwindcss@4.3.1/node_modules/@kamod-ch/ui/dist/components/hover-card/index.js"
2026-06-19T08:45:11.427612Z  INFO tailwindcss_oxide::scanner: Reading "/home/watzak/master/kamod/preacthub/node_modules/.pnpm/@kamod-ch+ui@file+..+kamod-ui+packages+core_@preact+signals@2.9.2_preact@10.29.2__preact@10.29.2_tailwindcss@4.3.1/node_modules/@kamod-ch/ui/dist/components/toggle-group/index.js"
2026-06-19T08:45:11.427609Z  INFO tailwindcss_oxide::scanner: Reading "/home/watzak/master/kamod/preacthub/node_modules/.pnpm/@kamod-ch+ui@file+..+kamod-ui+packages+core_@preact+signals@2.9.2_preact@10.29.2__preact@10.29.2_tailwindcss@4.3.1/node_modules/@kamod-ch/ui/dist/components/context-menu/index.js"
2026-06-19T08:45:11.427177Z  INFO tailwindcss_oxide::scanner: Reading "/home/watzak/master/kamod/preacthub/content/libraries/chart-js.md"
2026-06-19T08:45:11.427207Z  INFO tailwindcss_oxide::scanner: Reading "/home/watzak/master/kamod/preacthub/node_modules/.pnpm/@kamod-ch+ui@file+..+kamod-ui+packages+core_@preact+signals@2.9.2_preact@10.29.2__preact@10.29.2_tailwindcss@4.3.1/node_modules/@kamod-ch/ui/dist/chunk-2BQ54337.js"
2026-06-19T08:45:11.427814Z  INFO tailwindcss_oxide::scanner: Reading "/home/watzak/master/kamod/preacthub/node_modules/.pnpm/@kamod-ch+ui@file+..+kamod-ui+packages+core_@preact+signals@2.9.2_preact@10.29.2__preact@10.29.2_tailwindcss@4.3.1/node_modules/@kamod-ch/ui/dist/chunk-CLEC2RMU.js"
2026-06-19T08:45:11.427814Z  INFO tailwindcss_oxide::scanner: Reading "/home/watzak/master/kamod/preacthub/node_modules/.pnpm/@kamod-ch+ui@file+..+kamod-ui+packages+core_@preact+signals@2.9.2_preact@10.29.2__preact@10.29.2_tailwindcss@4.3.1/node_modules/@kamod-ch/ui/dist/components/slider/index.js"
2026-06-19T08:45:11.427676Z  INFO tailwindcss_oxide::scanner: Reading "/home/watzak/master/kamod/preacthub/node_modules/.pnpm/@kamod-ch+ui@file+..+kamod-ui+packages+core_@preact+signals@2.9.2_preact@10.29.2__preact@10.29.2_tailwindcss@4.3.1/node_modules/@kamod-ch/ui/dist/components/chart/index.js"
2026-06-19T08:45:11.427825Z  INFO tailwindcss_oxide::scanner: Reading "/home/watzak/master/kamod/preacthub/node_modules/.pnpm/@kamod-ch+ui@file+..+kamod-ui+packages+core_@preact+signals@2.9.2_preact@10.29.2__preact@10.29.2_tailwindcss@4.3.1/node_modules/@kamod-ch/ui/dist/chunk-PPYJQNE5.js"
2026-06-19T08:45:11.427286Z  INFO tailwindcss_oxide::scanner: Reading "/home/watzak/master/kamod/preacthub/node_modules/.pnpm/@kamod-ch+ui@file+..+kamod-ui+packages+core_@preact+signals@2.9.2_preact@10.29.2__preact@10.29.2_tailwindcss@4.3.1/node_modules/@kamod-ch/ui/dist/chunk-MS2ZNYCJ.js"
2026-06-19T08:45:11.427828Z  INFO tailwindcss_oxide::scanner: Reading "/home/watzak/master/kamod/preacthub/node_modules/.pnpm/@kamod-ch+ui@file+..+kamod-ui+packages+core_@preact+signals@2.9.2_preact@10.29.2__preact@10.29.2_tailwindcss@4.3.1/node_modules/@kamod-ch/ui/dist/components/calendar/index.js"
2026-06-19T08:45:11.427715Z  INFO tailwindcss_oxide::scanner: Reading "/home/watzak/master/kamod/preacthub/node_modules/.pnpm/@kamod-ch+ui@file+..+kamod-ui+packages+core_@preact+signals@2.9.2_preact@10.29.2__preact@10.29.2_tailwindcss@4.3.1/node_modules/@kamod-ch/ui/dist/components/menubar/index.js"
2026-06-19T08:45:11.427836Z  INFO tailwindcss_oxide::scanner: Reading "/home/watzak/master/kamod/preacthub/node_modules/.pnpm/@kamod-ch+ui@file+..+kamod-ui+packages+core_@preact+signals@2.9.2_preact@10.29.2__preact@10.29.2_tailwindcss@4.3.1/node_modules/@kamod-ch/ui/dist/chunk-67J4KBOW.js"
2026-06-19T08:45:11.427843Z  INFO tailwindcss_oxide::scanner: Reading "/home/watzak/master/kamod/preacthub/node_modules/.pnpm/@kamod-ch+ui@file+..+kamod-ui+packages+core_@preact+signals@2.9.2_preact@10.29.2__preact@10.29.2_tailwindcss@4.3.1/node_modules/@kamod-ch/ui/dist/components/button-group/index.js"
2026-06-19T08:45:11.427846Z  INFO tailwindcss_oxide::scanner: Reading "/home/watzak/master/kamod/preacthub/node_modules/.pnpm/@kamod-ch+ui@file+..+kamod-ui+packages+core_@preact+signals@2.9.2_preact@10.29.2__preact@10.29.2_tailwindcss@4.3.1/node_modules/@kamod-ch/ui/dist/components/pagination/index.js"
2026-06-19T08:45:11.427847Z  INFO tailwindcss_oxide::scanner: Reading "/home/watzak/master/kamod/preacthub/node_modules/.pnpm/@kamod-ch+ui@file+..+kamod-ui+packages+core_@preact+signals@2.9.2_preact@10.29.2__preact@10.29.2_tailwindcss@4.3.1/node_modules/@kamod-ch/ui/dist/components/sheet/index.js"
2026-06-19T08:45:11.427857Z  INFO tailwindcss_oxide::scanner: Reading "/home/watzak/master/kamod/preacthub/node_modules/.pnpm/@kamod-ch+ui@file+..+kamod-ui+packages+core_@preact+signals@2.9.2_preact@10.29.2__preact@10.29.2_tailwindcss@4.3.1/node_modules/@kamod-ch/ui/dist/components/dialog/index.js"
2026-06-19T08:45:11.427553Z  INFO tailwindcss_oxide::scanner: Reading "/home/watzak/master/kamod/preacthub/node_modules/.pnpm/@kamod-ch+ui@file+..+kamod-ui+packages+core_@preact+signals@2.9.2_preact@10.29.2__preact@10.29.2_tailwindcss@4.3.1/node_modules/@kamod-ch/ui/dist/components/direction/index.js"
2026-06-19T08:45:11.427721Z  INFO tailwindcss_oxide::scanner: Reading "/home/watzak/master/kamod/preacthub/node_modules/.pnpm/@kamod-ch+ui@file+..+kamod-ui+packages+core_@preact+signals@2.9.2_preact@10.29.2__preact@10.29.2_tailwindcss@4.3.1/node_modules/@kamod-ch/ui/dist/components/theme-toggle/index.js"
2026-06-19T08:45:11.427308Z  INFO tailwindcss_oxide::scanner: Reading "/home/watzak/master/kamod/preacthub/node_modules/.pnpm/@kamod-ch+ui@file+..+kamod-ui+packages+core_@preact+signals@2.9.2_preact@10.29.2__preact@10.29.2_tailwindcss@4.3.1/node_modules/@kamod-ch/ui/dist/chunk-OCLVMKVC.js"
2026-06-19T08:45:11.427883Z  INFO tailwindcss_oxide::scanner: Reading "/home/watzak/master/kamod/preacthub/node_modules/.pnpm/@kamod-ch+ui@file+..+kamod-ui+packages+core_@preact+signals@2.9.2_preact@10.29.2__preact@10.29.2_tailwindcss@4.3.1/node_modules/@kamod-ch/ui/dist/components/command/index.js"
2026-06-19T08:45:11.427755Z  INFO tailwindcss_oxide::scanner: Reading "/home/watzak/master/kamod/preacthub/node_modules/.pnpm/@kamod-ch+ui@file+..+kamod-ui+packages+core_@preact+signals@2.9.2_preact@10.29.2__preact@10.29.2_tailwindcss@4.3.1/node_modules/@kamod-ch/ui/dist/components/label/index.js"
2026-06-19T08:45:11.427762Z  INFO tailwindcss_oxide::scanner: Reading "/home/watzak/master/kamod/preacthub/node_modules/.pnpm/@kamod-ch+ui@file+..+kamod-ui+packages+core_@preact+signals@2.9.2_preact@10.29.2__preact@10.29.2_tailwindcss@4.3.1/node_modules/@kamod-ch/ui/dist/components/empty/index.js"
2026-06-19T08:45:11.427896Z  INFO tailwindcss_oxide::scanner: Reading "/home/watzak/master/kamod/preacthub/node_modules/.pnpm/@kamod-ch+ui@file+..+kamod-ui+packages+core_@preact+signals@2.9.2_preact@10.29.2__preact@10.29.2_tailwindcss@4.3.1/node_modules/@kamod-ch/ui/dist/components/scroll-area/index.js"
2026-06-19T08:45:11.427393Z  INFO tailwindcss_oxide::scanner: Reading "/home/watzak/master/kamod/preacthub/node_modules/.pnpm/@kamod-ch+ui@file+..+kamod-ui+packages+core_@preact+signals@2.9.2_preact@10.29.2__preact@10.29.2_tailwindcss@4.3.1/node_modules/@kamod-ch/ui/dist/chunk-6RASPU5N.js"
2026-06-19T08:45:11.427213Z  INFO tailwindcss_oxide::scanner: Reading "/home/watzak/master/kamod/preacthub/content/libraries/htm.md"
2026-06-19T08:45:11.427777Z  INFO tailwindcss_oxide::scanner: Reading "/home/watzak/master/kamod/preacthub/content/libraries/prefresh.md"
2026-06-19T08:45:11.427783Z  INFO tailwindcss_oxide::scanner: Reading "/home/watzak/master/kamod/preacthub/node_modules/.pnpm/@kamod-ch+ui@file+..+kamod-ui+packages+core_@preact+signals@2.9.2_preact@10.29.2__preact@10.29.2_tailwindcss@4.3.1/node_modules/@kamod-ch/ui/dist/components/select/index.js"
2026-06-19T08:45:11.427798Z  INFO tailwindcss_oxide::scanner: Reading "/home/watzak/master/kamod/preacthub/node_modules/.pnpm/@kamod-ch+ui@file+..+kamod-ui+packages+core_@preact+signals@2.9.2_preact@10.29.2__preact@10.29.2_tailwindcss@4.3.1/node_modules/@kamod-ch/ui/dist/components/tabs/index.js"
2026-06-19T08:45:11.427985Z  INFO tailwindcss_oxide::scanner: Reading "/home/watzak/master/kamod/preacthub/node_modules/.pnpm/@kamod-ch+ui@file+..+kamod-ui+packages+core_@preact+signals@2.9.2_preact@10.29.2__preact@10.29.2_tailwindcss@4.3.1/node_modules/@kamod-ch/ui/dist/components/spinner/index.js"
2026-06-19T08:45:11.427806Z  INFO tailwindcss_oxide::scanner: Reading "/home/watzak/master/kamod/preacthub/node_modules/.pnpm/@kamod-ch+ui@file+..+kamod-ui+packages+core_@preact+signals@2.9.2_preact@10.29.2__preact@10.29.2_tailwindcss@4.3.1/node_modules/@kamod-ch/ui/dist/components/drawer/index.js"
2026-06-19T08:45:11.427817Z  INFO tailwindcss_oxide::scanner: Reading "/home/watzak/master/kamod/preacthub/node_modules/.pnpm/@kamod-ch+ui@file+..+kamod-ui+packages+core_@preact+signals@2.9.2_preact@10.29.2__preact@10.29.2_tailwindcss@4.3.1/node_modules/@kamod-ch/ui/dist/components/separator/index.js"
2026-06-19T08:45:11.427830Z  INFO tailwindcss_oxide::scanner: Reading "/home/watzak/master/kamod/preacthub/node_modules/.pnpm/@kamod-ch+ui@file+..+kamod-ui+packages+core_@preact+signals@2.9.2_preact@10.29.2__preact@10.29.2_tailwindcss@4.3.1/node_modules/@kamod-ch/ui/dist/components/popover/index.js"
2026-06-19T08:45:11.428014Z  INFO tailwindcss_oxide::scanner: Reading "/home/watzak/master/kamod/preacthub/node_modules/.pnpm/@kamod-ch+ui@file+..+kamod-ui+packages+core_@preact+signals@2.9.2_preact@10.29.2__preact@10.29.2_tailwindcss@4.3.1/node_modules/@kamod-ch/ui/dist/components/kbd/index.js"
2026-06-19T08:45:11.427857Z  INFO tailwindcss_oxide::scanner: Reading "/home/watzak/master/kamod/preacthub/node_modules/.pnpm/@kamod-ch+ui@file+..+kamod-ui+packages+core_@preact+signals@2.9.2_preact@10.29.2__preact@10.29.2_tailwindcss@4.3.1/node_modules/@kamod-ch/ui/dist/components/checkbox/index.js"
2026-06-19T08:45:11.427858Z  INFO tailwindcss_oxide::scanner: Reading "/home/watzak/master/kamod/preacthub/node_modules/.pnpm/@kamod-ch+ui@file+..+kamod-ui+packages+core_@preact+signals@2.9.2_preact@10.29.2__preact@10.29.2_tailwindcss@4.3.1/node_modules/@kamod-ch/ui/dist/components/sidebar/index.js"
2026-06-19T08:45:11.427863Z  INFO tailwindcss_oxide::scanner: Reading "/home/watzak/master/kamod/preacthub/node_modules/.pnpm/@kamod-ch+ui@file+..+kamod-ui+packages+core_@preact+signals@2.9.2_preact@10.29.2__preact@10.29.2_tailwindcss@4.3.1/node_modules/@kamod-ch/ui/dist/components/native-select/index.js"
2026-06-19T08:45:11.427763Z  INFO tailwindcss_oxide::scanner: Reading "/home/watzak/master/kamod/preacthub/node_modules/.pnpm/@kamod-ch+ui@file+..+kamod-ui+packages+core_@preact+signals@2.9.2_preact@10.29.2__preact@10.29.2_tailwindcss@4.3.1/node_modules/@kamod-ch/ui/dist/chunk-JKXSX67K.js"
2026-06-19T08:45:11.427897Z  INFO tailwindcss_oxide::scanner: Reading "/home/watzak/master/kamod/preacthub/node_modules/.pnpm/@kamod-ch+ui@file+..+kamod-ui+packages+core_@preact+signals@2.9.2_preact@10.29.2__preact@10.29.2_tailwindcss@4.3.1/node_modules/@kamod-ch/ui/dist/components/image/index.js"
2026-06-19T08:45:11.427886Z  INFO tailwindcss_oxide::scanner: Reading "/home/watzak/master/kamod/preacthub/node_modules/.pnpm/@kamod-ch+ui@file+..+kamod-ui+packages+core_@preact+signals@2.9.2_preact@10.29.2__preact@10.29.2_tailwindcss@4.3.1/node_modules/@kamod-ch/ui/dist/components/video/index.js"
2026-06-19T08:45:11.427899Z  INFO tailwindcss_oxide::scanner: Reading "/home/watzak/master/kamod/preacthub/node_modules/.pnpm/@kamod-ch+ui@file+..+kamod-ui+packages+core_@preact+signals@2.9.2_preact@10.29.2__preact@10.29.2_tailwindcss@4.3.1/node_modules/@kamod-ch/ui/dist/components/card/index.js"
2026-06-19T08:45:11.427903Z  INFO tailwindcss_oxide::scanner: Reading "/home/watzak/master/kamod/preacthub/node_modules/.pnpm/@kamod-ch+ui@file+..+kamod-ui+packages+core_@preact+signals@2.9.2_preact@10.29.2__preact@10.29.2_tailwindcss@4.3.1/node_modules/@kamod-ch/ui/dist/components/combobox/index.js"
2026-06-19T08:45:11.427904Z  INFO tailwindcss_oxide::scanner: Reading "/home/watzak/master/kamod/preacthub/node_modules/.pnpm/@kamod-ch+ui@file+..+kamod-ui+packages+core_@preact+signals@2.9.2_preact@10.29.2__preact@10.29.2_tailwindcss@4.3.1/node_modules/@kamod-ch/ui/dist/components/toggle/index.js"
2026-06-19T08:45:11.427289Z  INFO tailwindcss_oxide::scanner: Reading "/home/watzak/master/kamod/preacthub/node_modules/.pnpm/@kamod-ch+ui@file+..+kamod-ui+packages+core_@preact+signals@2.9.2_preact@10.29.2__preact@10.29.2_tailwindcss@4.3.1/node_modules/@kamod-ch/ui/dist/chunk-YTJRKLUR.js"
2026-06-19T08:45:11.427714Z  INFO tailwindcss_oxide::scanner: Reading "/home/watzak/master/kamod/preacthub/node_modules/.pnpm/@kamod-ch+ui@file+..+kamod-ui+packages+core_@preact+signals@2.9.2_preact@10.29.2__preact@10.29.2_tailwindcss@4.3.1/node_modules/@kamod-ch/ui/dist/components/input-group/index.js"
2026-06-19T08:45:11.427963Z  INFO tailwindcss_oxide::scanner: Reading "/home/watzak/master/kamod/preacthub/node_modules/.pnpm/@kamod-ch+ui@file+..+kamod-ui+packages+core_@preact+signals@2.9.2_preact@10.29.2__preact@10.29.2_tailwindcss@4.3.1/node_modules/@kamod-ch/ui/dist/components/dropzone/index.js"
2026-06-19T08:45:11.427992Z  INFO tailwindcss_oxide::scanner: Reading "/home/watzak/master/kamod/preacthub/node_modules/.pnpm/@kamod-ch+ui@file+..+kamod-ui+packages+core_@preact+signals@2.9.2_preact@10.29.2__preact@10.29.2_tailwindcss@4.3.1/node_modules/@kamod-ch/ui/dist/components/aspect-ratio/index.js"
2026-06-19T08:45:11.427998Z  INFO tailwindcss_oxide::scanner: Reading "/home/watzak/master/kamod/preacthub/node_modules/.pnpm/@kamod-ch+ui@file+..+kamod-ui+packages+core_@preact+signals@2.9.2_preact@10.29.2__preact@10.29.2_tailwindcss@4.3.1/node_modules/@kamod-ch/ui/dist/components/button/index.js"
2026-06-19T08:45:11.427832Z  INFO tailwindcss_oxide::scanner: Reading "/home/watzak/master/kamod/preacthub/node_modules/.pnpm/@kamod-ch+ui@file+..+kamod-ui+packages+core_@preact+signals@2.9.2_preact@10.29.2__preact@10.29.2_tailwindcss@4.3.1/node_modules/@kamod-ch/ui/dist/chunk-5Q4RBIMZ.js"
2026-06-19T08:45:11.428219Z  INFO discover_sources: tailwindcss_oxide::scanner: exit
2026-06-19T08:45:11.428227Z  INFO extract_candidates: tailwindcss_oxide::scanner: enter
2026-06-19T08:45:11.428230Z  INFO extract_candidates:parse_all_blobs: tailwindcss_oxide::scanner: enter
2026-06-19T08:45:11.428232Z  INFO extract_candidates:parse_all_blobs:extract: tailwindcss_oxide::scanner: enter
2026-06-19T08:45:11.429967Z  INFO extract_candidates:parse_all_blobs:extract: tailwindcss_oxide::scanner: exit
2026-06-19T08:45:11.429988Z  INFO extract_candidates:parse_all_blobs: tailwindcss_oxide::scanner: exit
2026-06-19T08:45:11.430414Z  INFO extract_candidates: tailwindcss_oxide::scanner: exit
2026-06-19T08:45:11.432007Z  INFO get_files: tailwindcss_oxide::scanner: enter
2026-06-19T08:45:11.432017Z  INFO get_files:discover_sources: tailwindcss_oxide::scanner: enter
2026-06-19T08:45:11.432020Z  INFO get_files:discover_sources: tailwindcss_oxide::scanner: exit
2026-06-19T08:45:11.432191Z  INFO get_files: tailwindcss_oxide::scanner: exit
2026-06-19T08:45:11.432736Z  INFO get_globs: tailwindcss_oxide::scanner: enter
2026-06-19T08:45:11.432748Z  INFO get_globs:discover_sources: tailwindcss_oxide::scanner: enter
2026-06-19T08:45:11.432752Z  INFO get_globs:discover_sources: tailwindcss_oxide::scanner: exit
2026-06-19T08:45:11.433006Z  INFO get_globs: tailwindcss_oxide::scanner: exit
2026-06-19T08:45:11.767183Z  INFO tailwindcss_oxide::scanner: Provided sources:
2026-06-19T08:45:11.767203Z  INFO tailwindcss_oxide::scanner: Source: PublicSourceEntry { base: "/home/watzak/master/kamod/preacthub/content", pattern: "**/*", negated: false }
2026-06-19T08:45:11.767206Z  INFO tailwindcss_oxide::scanner: Source: PublicSourceEntry { base: "/home/watzak/master/kamod/preacthub/node_modules/.pnpm/@kamod-ch+ui@file+..+kamod-ui+packages+core_@preact+signals@2.9.2_preact@10.29.2__preact@10.29.2_tailwindcss@4.3.1/node_modules/@kamod-ch/ui/dist", pattern: "./**/*.{js,mjs}", negated: false }
2026-06-19T08:45:11.767390Z  INFO tailwindcss_oxide::scanner: Optimized sources:
2026-06-19T08:45:11.767394Z  INFO tailwindcss_oxide::scanner: Source: Auto { base: "/home/watzak/master/kamod/preacthub/content" }
2026-06-19T08:45:11.767396Z  INFO tailwindcss_oxide::scanner: Source: Pattern { base: "/home/watzak/master/kamod/preacthub/node_modules/.pnpm/@kamod-ch+ui@file+..+kamod-ui+packages+core_@preact+signals@2.9.2_preact@10.29.2__preact@10.29.2_tailwindcss@4.3.1/node_modules/@kamod-ch/ui/dist", pattern: "/**/*.js" }
2026-06-19T08:45:11.767398Z  INFO tailwindcss_oxide::scanner: Source: Pattern { base: "/home/watzak/master/kamod/preacthub/node_modules/.pnpm/@kamod-ch+ui@file+..+kamod-ui+packages+core_@preact+signals@2.9.2_preact@10.29.2__preact@10.29.2_tailwindcss@4.3.1/node_modules/@kamod-ch/ui/dist", pattern: "/**/*.mjs" }
2026-06-19T08:45:11.767444Z  INFO discover_sources: tailwindcss_oxide::scanner: enter
2026-06-19T08:45:11.767448Z  INFO discover_sources:walk_synchronous: tailwindcss_oxide::scanner: enter
2026-06-19T08:45:11.770893Z  INFO discover_sources:walk_synchronous: tailwindcss_oxide::scanner: exit
2026-06-19T08:45:11.771228Z  INFO tailwindcss_oxide::scanner: Reading "/home/watzak/master/kamod/preacthub/node_modules/.pnpm/@kamod-ch+ui@file+..+kamod-ui+packages+core_@preact+signals@2.9.2_preact@10.29.2__preact@10.29.2_tailwindcss@4.3.1/node_modules/@kamod-ch/ui/dist/chunk-ZM67EKZC.js"
2026-06-19T08:45:11.771229Z  INFO tailwindcss_oxide::scanner: Reading "/home/watzak/master/kamod/preacthub/content/index.md"
2026-06-19T08:45:11.771248Z  INFO tailwindcss_oxide::scanner: Reading "/home/watzak/master/kamod/preacthub/node_modules/.pnpm/@kamod-ch+ui@file+..+kamod-ui+packages+core_@preact+signals@2.9.2_preact@10.29.2__preact@10.29.2_tailwindcss@4.3.1/node_modules/@kamod-ch/ui/dist/chunk-YZLPO4B2.js"
2026-06-19T08:45:11.771260Z  INFO tailwindcss_oxide::scanner: Reading "/home/watzak/master/kamod/preacthub/node_modules/.pnpm/@kamod-ch+ui@file+..+kamod-ui+packages+core_@preact+signals@2.9.2_preact@10.29.2__preact@10.29.2_tailwindcss@4.3.1/node_modules/@kamod-ch/ui/dist/chunk-3KB54OYF.js"
2026-06-19T08:45:11.771268Z  INFO tailwindcss_oxide::scanner: Reading "/home/watzak/master/kamod/preacthub/content/libraries/valibot.md"
2026-06-19T08:45:11.771249Z  INFO tailwindcss_oxide::scanner: Reading "/home/watzak/master/kamod/preacthub/content/libraries/developer-tools.md"
2026-06-19T08:45:11.771278Z  INFO tailwindcss_oxide::scanner: Reading "/home/watzak/master/kamod/preacthub/node_modules/.pnpm/@kamod-ch+ui@file+..+kamod-ui+packages+core_@preact+signals@2.9.2_preact@10.29.2__preact@10.29.2_tailwindcss@4.3.1/node_modules/@kamod-ch/ui/dist/chunk-C7WEQOUA.js"
2026-06-19T08:45:11.771252Z  INFO tailwindcss_oxide::scanner: Reading "/home/watzak/master/kamod/preacthub/content/libraries/charts.md"
2026-06-19T08:45:11.771262Z  INFO tailwindcss_oxide::scanner: Reading "/home/watzak/master/kamod/preacthub/content/libraries/animation.md"
2026-06-19T08:45:11.771272Z  INFO tailwindcss_oxide::scanner: Reading "/home/watzak/master/kamod/preacthub/node_modules/.pnpm/@kamod-ch+ui@file+..+kamod-ui+packages+core_@preact+signals@2.9.2_preact@10.29.2__preact@10.29.2_tailwindcss@4.3.1/node_modules/@kamod-ch/ui/dist/chunk-BDK7CDEI.js"
2026-06-19T08:45:11.771299Z  INFO tailwindcss_oxide::scanner: Reading "/home/watzak/master/kamod/preacthub/content/libraries/i18next.md"
2026-06-19T08:45:11.771302Z  INFO tailwindcss_oxide::scanner: Reading "/home/watzak/master/kamod/preacthub/node_modules/.pnpm/@kamod-ch+ui@file+..+kamod-ui+packages+core_@preact+signals@2.9.2_preact@10.29.2__preact@10.29.2_tailwindcss@4.3.1/node_modules/@kamod-ch/ui/dist/chunk-ROKLAZHC.js"
2026-06-19T08:45:11.771306Z  INFO tailwindcss_oxide::scanner: Reading "/home/watzak/master/kamod/preacthub/content/libraries/preact-iso.md"
2026-06-19T08:45:11.771308Z  INFO tailwindcss_oxide::scanner: Reading "/home/watzak/master/kamod/preacthub/node_modules/.pnpm/@kamod-ch+ui@file+..+kamod-ui+packages+core_@preact+signals@2.9.2_preact@10.29.2__preact@10.29.2_tailwindcss@4.3.1/node_modules/@kamod-ch/ui/dist/chunk-Q5IUIA6B.js"
2026-06-19T08:45:11.771283Z  INFO tailwindcss_oxide::scanner: Reading "/home/watzak/master/kamod/preacthub/content/libraries/nanostores.md"
2026-06-19T08:45:11.771310Z  INFO tailwindcss_oxide::scanner: Reading "/home/watzak/master/kamod/preacthub/content/libraries/forms.md"
2026-06-19T08:45:11.771352Z  INFO tailwindcss_oxide::scanner: Reading "/home/watzak/master/kamod/preacthub/content/libraries/i18n.md"
2026-06-19T08:45:11.771353Z  INFO tailwindcss_oxide::scanner: Reading "/home/watzak/master/kamod/preacthub/content/libraries/chart-js.md"
2026-06-19T08:45:11.771354Z  INFO tailwindcss_oxide::scanner: Reading "/home/watzak/master/kamod/preacthub/node_modules/.pnpm/@kamod-ch+ui@file+..+kamod-ui+packages+core_@preact+signals@2.9.2_preact@10.29.2__preact@10.29.2_tailwindcss@4.3.1/node_modules/@kamod-ch/ui/dist/chunk-JNF7FDJO.js"
2026-06-19T08:45:11.771365Z  INFO tailwindcss_oxide::scanner: Reading "/home/watzak/master/kamod/preacthub/content/libraries/submit.md"
2026-06-19T08:45:11.771362Z  INFO tailwindcss_oxide::scanner: Reading "/home/watzak/master/kamod/preacthub/node_modules/.pnpm/@kamod-ch+ui@file+..+kamod-ui+packages+core_@preact+signals@2.9.2_preact@10.29.2__preact@10.29.2_tailwindcss@4.3.1/node_modules/@kamod-ch/ui/dist/chunk-JURNPBSW.js"
2026-06-19T08:45:11.771377Z  INFO tailwindcss_oxide::scanner: Reading "/home/watzak/master/kamod/preacthub/content/libraries/ssr.md"
2026-06-19T08:45:11.771378Z  INFO tailwindcss_oxide::scanner: Reading "/home/watzak/master/kamod/preacthub/node_modules/.pnpm/@kamod-ch+ui@file+..+kamod-ui+packages+core_@preact+signals@2.9.2_preact@10.29.2__preact@10.29.2_tailwindcss@4.3.1/node_modules/@kamod-ch/ui/dist/chunk-2KY7P27I.js"
2026-06-19T08:45:11.771312Z  INFO tailwindcss_oxide::scanner: Reading "/home/watzak/master/kamod/preacthub/node_modules/.pnpm/@kamod-ch+ui@file+..+kamod-ui+packages+core_@preact+signals@2.9.2_preact@10.29.2__preact@10.29.2_tailwindcss@4.3.1/node_modules/@kamod-ch/ui/dist/chunk-X4HPHMYW.js"
2026-06-19T08:45:11.771389Z  INFO tailwindcss_oxide::scanner: Reading "/home/watzak/master/kamod/preacthub/node_modules/.pnpm/@kamod-ch+ui@file+..+kamod-ui+packages+core_@preact+signals@2.9.2_preact@10.29.2__preact@10.29.2_tailwindcss@4.3.1/node_modules/@kamod-ch/ui/dist/chunk-6FYSVMH7.js"
2026-06-19T08:45:11.771390Z  INFO tailwindcss_oxide::scanner: Reading "/home/watzak/master/kamod/preacthub/node_modules/.pnpm/@kamod-ch+ui@file+..+kamod-ui+packages+core_@preact+signals@2.9.2_preact@10.29.2__preact@10.29.2_tailwindcss@4.3.1/node_modules/@kamod-ch/ui/dist/components/typography/index.js"
2026-06-19T08:45:11.771399Z  INFO tailwindcss_oxide::scanner: Reading "/home/watzak/master/kamod/preacthub/node_modules/.pnpm/@kamod-ch+ui@file+..+kamod-ui+packages+core_@preact+signals@2.9.2_preact@10.29.2__preact@10.29.2_tailwindcss@4.3.1/node_modules/@kamod-ch/ui/dist/chunk-BYG2ULS3.js"
2026-06-19T08:45:11.771404Z  INFO tailwindcss_oxide::scanner: Reading "/home/watzak/master/kamod/preacthub/node_modules/.pnpm/@kamod-ch+ui@file+..+kamod-ui+packages+core_@preact+signals@2.9.2_preact@10.29.2__preact@10.29.2_tailwindcss@4.3.1/node_modules/@kamod-ch/ui/dist/chunk-V2MG5Y5F.js"
2026-06-19T08:45:11.771336Z  INFO tailwindcss_oxide::scanner: Reading "/home/watzak/master/kamod/preacthub/node_modules/.pnpm/@kamod-ch+ui@file+..+kamod-ui+packages+core_@preact+signals@2.9.2_preact@10.29.2__preact@10.29.2_tailwindcss@4.3.1/node_modules/@kamod-ch/ui/dist/chunk-V63YIVKJ.js"
2026-06-19T08:45:11.771412Z  INFO tailwindcss_oxide::scanner: Reading "/home/watzak/master/kamod/preacthub/node_modules/.pnpm/@kamod-ch+ui@file+..+kamod-ui+packages+core_@preact+signals@2.9.2_preact@10.29.2__preact@10.29.2_tailwindcss@4.3.1/node_modules/@kamod-ch/ui/dist/components/textarea/index.js"
2026-06-19T08:45:11.771415Z  INFO tailwindcss_oxide::scanner: Reading "/home/watzak/master/kamod/preacthub/node_modules/.pnpm/@kamod-ch+ui@file+..+kamod-ui+packages+core_@preact+signals@2.9.2_preact@10.29.2__preact@10.29.2_tailwindcss@4.3.1/node_modules/@kamod-ch/ui/dist/chunk-MKG3UAP6.js"
2026-06-19T08:45:11.771282Z  INFO tailwindcss_oxide::scanner: Reading "/home/watzak/master/kamod/preacthub/content/libraries/zod.md"
2026-06-19T08:45:11.771440Z  INFO tailwindcss_oxide::scanner: Reading "/home/watzak/master/kamod/preacthub/node_modules/.pnpm/@kamod-ch+ui@file+..+kamod-ui+packages+core_@preact+signals@2.9.2_preact@10.29.2__preact@10.29.2_tailwindcss@4.3.1/node_modules/@kamod-ch/ui/dist/chunk-4BJJOHZT.js"
2026-06-19T08:45:11.771438Z  INFO tailwindcss_oxide::scanner: Reading "/home/watzak/master/kamod/preacthub/node_modules/.pnpm/@kamod-ch+ui@file+..+kamod-ui+packages+core_@preact+signals@2.9.2_preact@10.29.2__preact@10.29.2_tailwindcss@4.3.1/node_modules/@kamod-ch/ui/dist/chunk-QFDTG2ZJ.js"
2026-06-19T08:45:11.771385Z  INFO tailwindcss_oxide::scanner: Reading "/home/watzak/master/kamod/preacthub/content/libraries/data-fetching.md"
2026-06-19T08:45:11.771464Z  INFO tailwindcss_oxide::scanner: Reading "/home/watzak/master/kamod/preacthub/node_modules/.pnpm/@kamod-ch+ui@file+..+kamod-ui+packages+core_@preact+signals@2.9.2_preact@10.29.2__preact@10.29.2_tailwindcss@4.3.1/node_modules/@kamod-ch/ui/dist/chunk-PFV7YIEP.js"
2026-06-19T08:45:11.771464Z  INFO tailwindcss_oxide::scanner: Reading "/home/watzak/master/kamod/preacthub/content/libraries/echarts.md"
2026-06-19T08:45:11.771465Z  INFO tailwindcss_oxide::scanner: Reading "/home/watzak/master/kamod/preacthub/node_modules/.pnpm/@kamod-ch+ui@file+..+kamod-ui+packages+core_@preact+signals@2.9.2_preact@10.29.2__preact@10.29.2_tailwindcss@4.3.1/node_modules/@kamod-ch/ui/dist/components/hover-card/index.js"
2026-06-19T08:45:11.771470Z  INFO tailwindcss_oxide::scanner: Reading "/home/watzak/master/kamod/preacthub/content/libraries/lingui.md"
2026-06-19T08:45:11.771472Z  INFO tailwindcss_oxide::scanner: Reading "/home/watzak/master/kamod/preacthub/node_modules/.pnpm/@kamod-ch+ui@file+..+kamod-ui+packages+core_@preact+signals@2.9.2_preact@10.29.2__preact@10.29.2_tailwindcss@4.3.1/node_modules/@kamod-ch/ui/dist/chunk-4V3WHQJE.js"
2026-06-19T08:45:11.771307Z  INFO tailwindcss_oxide::scanner: Reading "/home/watzak/master/kamod/preacthub/content/libraries/testing.md"
2026-06-19T08:45:11.771487Z  INFO tailwindcss_oxide::scanner: Reading "/home/watzak/master/kamod/preacthub/node_modules/.pnpm/@kamod-ch+ui@file+..+kamod-ui+packages+core_@preact+signals@2.9.2_preact@10.29.2__preact@10.29.2_tailwindcss@4.3.1/node_modules/@kamod-ch/ui/dist/components/menubar/index.js"
2026-06-19T08:45:11.771491Z  INFO tailwindcss_oxide::scanner: Reading "/home/watzak/master/kamod/preacthub/node_modules/.pnpm/@kamod-ch+ui@file+..+kamod-ui+packages+core_@preact+signals@2.9.2_preact@10.29.2__preact@10.29.2_tailwindcss@4.3.1/node_modules/@kamod-ch/ui/dist/chunk-R565SY7K.js"
2026-06-19T08:45:11.771424Z  INFO tailwindcss_oxide::scanner: Reading "/home/watzak/master/kamod/preacthub/content/libraries/swr.md"
2026-06-19T08:45:11.771510Z  INFO tailwindcss_oxide::scanner: Reading "/home/watzak/master/kamod/preacthub/node_modules/.pnpm/@kamod-ch+ui@file+..+kamod-ui+packages+core_@preact+signals@2.9.2_preact@10.29.2__preact@10.29.2_tailwindcss@4.3.1/node_modules/@kamod-ch/ui/dist/components/drawer/index.js"
2026-06-19T08:45:11.771519Z  INFO tailwindcss_oxide::scanner: Reading "/home/watzak/master/kamod/preacthub/content/libraries/preact-router.md"
2026-06-19T08:45:11.771526Z  INFO tailwindcss_oxide::scanner: Reading "/home/watzak/master/kamod/preacthub/content/libraries/react-hook-form.md"
2026-06-19T08:45:11.771525Z  INFO tailwindcss_oxide::scanner: Reading "/home/watzak/master/kamod/preacthub/node_modules/.pnpm/@kamod-ch+ui@file+..+kamod-ui+packages+core_@preact+signals@2.9.2_preact@10.29.2__preact@10.29.2_tailwindcss@4.3.1/node_modules/@kamod-ch/ui/dist/chunk-2BQ54337.js"
2026-06-19T08:45:11.771538Z  INFO tailwindcss_oxide::scanner: Reading "/home/watzak/master/kamod/preacthub/content/libraries/preact-render-to-string.md"
2026-06-19T08:45:11.771546Z  INFO tailwindcss_oxide::scanner: Reading "/home/watzak/master/kamod/preacthub/node_modules/.pnpm/@kamod-ch+ui@file+..+kamod-ui+packages+core_@preact+signals@2.9.2_preact@10.29.2__preact@10.29.2_tailwindcss@4.3.1/node_modules/@kamod-ch/ui/dist/components/separator/index.js"
2026-06-19T08:45:11.771546Z  INFO tailwindcss_oxide::scanner: Reading "/home/watzak/master/kamod/preacthub/node_modules/.pnpm/@kamod-ch+ui@file+..+kamod-ui+packages+core_@preact+signals@2.9.2_preact@10.29.2__preact@10.29.2_tailwindcss@4.3.1/node_modules/@kamod-ch/ui/dist/chunk-YVALXJRN.js"
2026-06-19T08:45:11.771440Z  INFO tailwindcss_oxide::scanner: Reading "/home/watzak/master/kamod/preacthub/content/libraries/motion.md"
2026-06-19T08:45:11.771561Z  INFO tailwindcss_oxide::scanner: Reading "/home/watzak/master/kamod/preacthub/node_modules/.pnpm/@kamod-ch+ui@file+..+kamod-ui+packages+core_@preact+signals@2.9.2_preact@10.29.2__preact@10.29.2_tailwindcss@4.3.1/node_modules/@kamod-ch/ui/dist/components/kbd/index.js"
2026-06-19T08:45:11.771572Z  INFO tailwindcss_oxide::scanner: Reading "/home/watzak/master/kamod/preacthub/content/libraries/preact-devtools.md"
2026-06-19T08:45:11.771572Z  INFO tailwindcss_oxide::scanner: Reading "/home/watzak/master/kamod/preacthub/node_modules/.pnpm/@kamod-ch+ui@file+..+kamod-ui+packages+core_@preact+signals@2.9.2_preact@10.29.2__preact@10.29.2_tailwindcss@4.3.1/node_modules/@kamod-ch/ui/dist/chunk-U2UNWXBC.js"
2026-06-19T08:45:11.771577Z  INFO tailwindcss_oxide::scanner: Reading "/home/watzak/master/kamod/preacthub/node_modules/.pnpm/@kamod-ch+ui@file+..+kamod-ui+packages+core_@preact+signals@2.9.2_preact@10.29.2__preact@10.29.2_tailwindcss@4.3.1/node_modules/@kamod-ch/ui/dist/components/select/index.js"
2026-06-19T08:45:11.771581Z  INFO tailwindcss_oxide::scanner: Reading "/home/watzak/master/kamod/preacthub/node_modules/.pnpm/@kamod-ch+ui@file+..+kamod-ui+packages+core_@preact+signals@2.9.2_preact@10.29.2__preact@10.29.2_tailwindcss@4.3.1/node_modules/@kamod-ch/ui/dist/chunk-CP55TVOV.js"
2026-06-19T08:45:11.771586Z  INFO tailwindcss_oxide::scanner: Reading "/home/watzak/master/kamod/preacthub/node_modules/.pnpm/@kamod-ch+ui@file+..+kamod-ui+packages+core_@preact+signals@2.9.2_preact@10.29.2__preact@10.29.2_tailwindcss@4.3.1/node_modules/@kamod-ch/ui/dist/chunk-YJGECAOZ.js"
2026-06-19T08:45:11.771588Z  INFO tailwindcss_oxide::scanner: Reading "/home/watzak/master/kamod/preacthub/node_modules/.pnpm/@kamod-ch+ui@file+..+kamod-ui+packages+core_@preact+signals@2.9.2_preact@10.29.2__preact@10.29.2_tailwindcss@4.3.1/node_modules/@kamod-ch/ui/dist/chunk-6RASPU5N.js"
2026-06-19T08:45:11.771591Z  INFO tailwindcss_oxide::scanner: Reading "/home/watzak/master/kamod/preacthub/node_modules/.pnpm/@kamod-ch+ui@file+..+kamod-ui+packages+core_@preact+signals@2.9.2_preact@10.29.2__preact@10.29.2_tailwindcss@4.3.1/node_modules/@kamod-ch/ui/dist/components/card/index.js"
2026-06-19T08:45:11.771596Z  INFO tailwindcss_oxide::scanner: Reading "/home/watzak/master/kamod/preacthub/node_modules/.pnpm/@kamod-ch+ui@file+..+kamod-ui+packages+core_@preact+signals@2.9.2_preact@10.29.2__preact@10.29.2_tailwindcss@4.3.1/node_modules/@kamod-ch/ui/dist/chunk-67J4KBOW.js"
2026-06-19T08:45:11.771603Z  INFO tailwindcss_oxide::scanner: Reading "/home/watzak/master/kamod/preacthub/node_modules/.pnpm/@kamod-ch+ui@file+..+kamod-ui+packages+core_@preact+signals@2.9.2_preact@10.29.2__preact@10.29.2_tailwindcss@4.3.1/node_modules/@kamod-ch/ui/dist/chunk-CLEC2RMU.js"
2026-06-19T08:45:11.771602Z  INFO tailwindcss_oxide::scanner: Reading "/home/watzak/master/kamod/preacthub/node_modules/.pnpm/@kamod-ch+ui@file+..+kamod-ui+packages+core_@preact+signals@2.9.2_preact@10.29.2__preact@10.29.2_tailwindcss@4.3.1/node_modules/@kamod-ch/ui/dist/chunk-GIU6BZTW.js"
2026-06-19T08:45:11.771604Z  INFO tailwindcss_oxide::scanner: Reading "/home/watzak/master/kamod/preacthub/node_modules/.pnpm/@kamod-ch+ui@file+..+kamod-ui+packages+core_@preact+signals@2.9.2_preact@10.29.2__preact@10.29.2_tailwindcss@4.3.1/node_modules/@kamod-ch/ui/dist/components/toggle/index.js"
2026-06-19T08:45:11.771609Z  INFO tailwindcss_oxide::scanner: Reading "/home/watzak/master/kamod/preacthub/node_modules/.pnpm/@kamod-ch+ui@file+..+kamod-ui+packages+core_@preact+signals@2.9.2_preact@10.29.2__preact@10.29.2_tailwindcss@4.3.1/node_modules/@kamod-ch/ui/dist/chunk-PPYJQNE5.js"
2026-06-19T08:45:11.771440Z  INFO tailwindcss_oxide::scanner: Reading "/home/watzak/master/kamod/preacthub/node_modules/.pnpm/@kamod-ch+ui@file+..+kamod-ui+packages+core_@preact+signals@2.9.2_preact@10.29.2__preact@10.29.2_tailwindcss@4.3.1/node_modules/@kamod-ch/ui/dist/components/accordion/index.js"
2026-06-19T08:45:11.771620Z  INFO tailwindcss_oxide::scanner: Reading "/home/watzak/master/kamod/preacthub/node_modules/.pnpm/@kamod-ch+ui@file+..+kamod-ui+packages+core_@preact+signals@2.9.2_preact@10.29.2__preact@10.29.2_tailwindcss@4.3.1/node_modules/@kamod-ch/ui/dist/chunk-MD6HHORY.js"
2026-06-19T08:45:11.771624Z  INFO tailwindcss_oxide::scanner: Reading "/home/watzak/master/kamod/preacthub/node_modules/.pnpm/@kamod-ch+ui@file+..+kamod-ui+packages+core_@preact+signals@2.9.2_preact@10.29.2__preact@10.29.2_tailwindcss@4.3.1/node_modules/@kamod-ch/ui/dist/components/image/index.js"
2026-06-19T08:45:11.771383Z  INFO tailwindcss_oxide::scanner: Reading "/home/watzak/master/kamod/preacthub/node_modules/.pnpm/@kamod-ch+ui@file+..+kamod-ui+packages+core_@preact+signals@2.9.2_preact@10.29.2__preact@10.29.2_tailwindcss@4.3.1/node_modules/@kamod-ch/ui/dist/chunk-ERBGZZ2U.js"
2026-06-19T08:45:11.771390Z  INFO tailwindcss_oxide::scanner: Reading "/home/watzak/master/kamod/preacthub/content/libraries/htm.md"
2026-06-19T08:45:11.771636Z  INFO tailwindcss_oxide::scanner: Reading "/home/watzak/master/kamod/preacthub/node_modules/.pnpm/@kamod-ch+ui@file+..+kamod-ui+packages+core_@preact+signals@2.9.2_preact@10.29.2__preact@10.29.2_tailwindcss@4.3.1/node_modules/@kamod-ch/ui/dist/chunk-D3DQ4ICC.js"
2026-06-19T08:45:11.771638Z  INFO tailwindcss_oxide::scanner: Reading "/home/watzak/master/kamod/preacthub/node_modules/.pnpm/@kamod-ch+ui@file+..+kamod-ui+packages+core_@preact+signals@2.9.2_preact@10.29.2__preact@10.29.2_tailwindcss@4.3.1/node_modules/@kamod-ch/ui/dist/components/dropzone/index.js"
2026-06-19T08:45:11.771481Z  INFO tailwindcss_oxide::scanner: Reading "/home/watzak/master/kamod/preacthub/content/libraries/preact-custom-element.md"
2026-06-19T08:45:11.771642Z  INFO tailwindcss_oxide::scanner: Reading "/home/watzak/master/kamod/preacthub/node_modules/.pnpm/@kamod-ch+ui@file+..+kamod-ui+packages+core_@preact+signals@2.9.2_preact@10.29.2__preact@10.29.2_tailwindcss@4.3.1/node_modules/@kamod-ch/ui/dist/components/skeleton/index.js"
2026-06-19T08:45:11.771646Z  INFO tailwindcss_oxide::scanner: Reading "/home/watzak/master/kamod/preacthub/node_modules/.pnpm/@kamod-ch+ui@file+..+kamod-ui+packages+core_@preact+signals@2.9.2_preact@10.29.2__preact@10.29.2_tailwindcss@4.3.1/node_modules/@kamod-ch/ui/dist/chunk-IJ4ZRIR4.js"
2026-06-19T08:45:11.771316Z  INFO tailwindcss_oxide::scanner: Reading "/home/watzak/master/kamod/preacthub/content/libraries/preact-testing-library.md"
2026-06-19T08:45:11.771671Z  INFO tailwindcss_oxide::scanner: Reading "/home/watzak/master/kamod/preacthub/node_modules/.pnpm/@kamod-ch+ui@file+..+kamod-ui+packages+core_@preact+signals@2.9.2_preact@10.29.2__preact@10.29.2_tailwindcss@4.3.1/node_modules/@kamod-ch/ui/dist/components/progress/index.js"
2026-06-19T08:45:11.771675Z  INFO tailwindcss_oxide::scanner: Reading "/home/watzak/master/kamod/preacthub/node_modules/.pnpm/@kamod-ch+ui@file+..+kamod-ui+packages+core_@preact+signals@2.9.2_preact@10.29.2__preact@10.29.2_tailwindcss@4.3.1/node_modules/@kamod-ch/ui/dist/chunk-7MITRFPE.js"
2026-06-19T08:45:11.771310Z  INFO tailwindcss_oxide::scanner: Reading "/home/watzak/master/kamod/preacthub/content/libraries/index.md"
2026-06-19T08:45:11.771683Z  INFO tailwindcss_oxide::scanner: Reading "/home/watzak/master/kamod/preacthub/node_modules/.pnpm/@kamod-ch+ui@file+..+kamod-ui+packages+core_@preact+signals@2.9.2_preact@10.29.2__preact@10.29.2_tailwindcss@4.3.1/node_modules/@kamod-ch/ui/dist/chunk-YTHUHPE5.js"
2026-06-19T08:45:11.771687Z  INFO tailwindcss_oxide::scanner: Reading "/home/watzak/master/kamod/preacthub/node_modules/.pnpm/@kamod-ch+ui@file+..+kamod-ui+packages+core_@preact+signals@2.9.2_preact@10.29.2__preact@10.29.2_tailwindcss@4.3.1/node_modules/@kamod-ch/ui/dist/chunk-NGKQBNZ5.js"
2026-06-19T08:45:11.771424Z  INFO tailwindcss_oxide::scanner: Reading "/home/watzak/master/kamod/preacthub/node_modules/.pnpm/@kamod-ch+ui@file+..+kamod-ui+packages+core_@preact+signals@2.9.2_preact@10.29.2__preact@10.29.2_tailwindcss@4.3.1/node_modules/@kamod-ch/ui/dist/components/date-picker/index.js"
2026-06-19T08:45:11.771693Z  INFO tailwindcss_oxide::scanner: Reading "/home/watzak/master/kamod/preacthub/content/index.html"
2026-06-19T08:45:11.771697Z  INFO tailwindcss_oxide::scanner: Reading "/home/watzak/master/kamod/preacthub/content/libraries/tanstack-query.md"
2026-06-19T08:45:11.771484Z  INFO tailwindcss_oxide::scanner: Reading "/home/watzak/master/kamod/preacthub/content/libraries/state-management.md"
2026-06-19T08:45:11.771718Z  INFO tailwindcss_oxide::scanner: Reading "/home/watzak/master/kamod/preacthub/node_modules/.pnpm/@kamod-ch+ui@file+..+kamod-ui+packages+core_@preact+signals@2.9.2_preact@10.29.2__preact@10.29.2_tailwindcss@4.3.1/node_modules/@kamod-ch/ui/dist/chunk-26CRIZXP.js"
2026-06-19T08:45:11.771720Z  INFO tailwindcss_oxide::scanner: Reading "/home/watzak/master/kamod/preacthub/node_modules/.pnpm/@kamod-ch+ui@file+..+kamod-ui+packages+core_@preact+signals@2.9.2_preact@10.29.2__preact@10.29.2_tailwindcss@4.3.1/node_modules/@kamod-ch/ui/dist/chunk-COPT6I2D.js"
2026-06-19T08:45:11.771726Z  INFO tailwindcss_oxide::scanner: Reading "/home/watzak/master/kamod/preacthub/content/libraries/routing.md"
2026-06-19T08:45:11.771365Z  INFO tailwindcss_oxide::scanner: Reading "/home/watzak/master/kamod/preacthub/content/libraries/ui.md"
2026-06-19T08:45:11.771737Z  INFO tailwindcss_oxide::scanner: Reading "/home/watzak/master/kamod/preacthub/content/libraries/preact-signals.md"
2026-06-19T08:45:11.771752Z  INFO tailwindcss_oxide::scanner: Reading "/home/watzak/master/kamod/preacthub/content/libraries/wouter-preact.md"
2026-06-19T08:45:11.771760Z  INFO tailwindcss_oxide::scanner: Reading "/home/watzak/master/kamod/preacthub/node_modules/.pnpm/@kamod-ch+ui@file+..+kamod-ui+packages+core_@preact+signals@2.9.2_preact@10.29.2__preact@10.29.2_tailwindcss@4.3.1/node_modules/@kamod-ch/ui/dist/chunk-YTJRKLUR.js"
2026-06-19T08:45:11.771764Z  INFO tailwindcss_oxide::scanner: Reading "/home/watzak/master/kamod/preacthub/node_modules/.pnpm/@kamod-ch+ui@file+..+kamod-ui+packages+core_@preact+signals@2.9.2_preact@10.29.2__preact@10.29.2_tailwindcss@4.3.1/node_modules/@kamod-ch/ui/dist/components/badge/index.js"
2026-06-19T08:45:11.771775Z  INFO tailwindcss_oxide::scanner: Reading "/home/watzak/master/kamod/preacthub/node_modules/.pnpm/@kamod-ch+ui@file+..+kamod-ui+packages+core_@preact+signals@2.9.2_preact@10.29.2__preact@10.29.2_tailwindcss@4.3.1/node_modules/@kamod-ch/ui/dist/components/field/index.js"
2026-06-19T08:45:11.771777Z  INFO tailwindcss_oxide::scanner: Reading "/home/watzak/master/kamod/preacthub/node_modules/.pnpm/@kamod-ch+ui@file+..+kamod-ui+packages+core_@preact+signals@2.9.2_preact@10.29.2__preact@10.29.2_tailwindcss@4.3.1/node_modules/@kamod-ch/ui/dist/chunk-JKXSX67K.js"
2026-06-19T08:45:11.771784Z  INFO tailwindcss_oxide::scanner: Reading "/home/watzak/master/kamod/preacthub/node_modules/.pnpm/@kamod-ch+ui@file+..+kamod-ui+packages+core_@preact+signals@2.9.2_preact@10.29.2__preact@10.29.2_tailwindcss@4.3.1/node_modules/@kamod-ch/ui/dist/components/input-group/index.js"
2026-06-19T08:45:11.771798Z  INFO tailwindcss_oxide::scanner: Reading "/home/watzak/master/kamod/preacthub/node_modules/.pnpm/@kamod-ch+ui@file+..+kamod-ui+packages+core_@preact+signals@2.9.2_preact@10.29.2__preact@10.29.2_tailwindcss@4.3.1/node_modules/@kamod-ch/ui/dist/components/button-group/index.js"
2026-06-19T08:45:11.771797Z  INFO tailwindcss_oxide::scanner: Reading "/home/watzak/master/kamod/preacthub/node_modules/.pnpm/@kamod-ch+ui@file+..+kamod-ui+packages+core_@preact+signals@2.9.2_preact@10.29.2__preact@10.29.2_tailwindcss@4.3.1/node_modules/@kamod-ch/ui/dist/chunk-OCLVMKVC.js"
2026-06-19T08:45:11.771806Z  INFO tailwindcss_oxide::scanner: Reading "/home/watzak/master/kamod/preacthub/node_modules/.pnpm/@kamod-ch+ui@file+..+kamod-ui+packages+core_@preact+signals@2.9.2_preact@10.29.2__preact@10.29.2_tailwindcss@4.3.1/node_modules/@kamod-ch/ui/dist/components/pagination/index.js"
2026-06-19T08:45:11.771820Z  INFO tailwindcss_oxide::scanner: Reading "/home/watzak/master/kamod/preacthub/node_modules/.pnpm/@kamod-ch+ui@file+..+kamod-ui+packages+core_@preact+signals@2.9.2_preact@10.29.2__preact@10.29.2_tailwindcss@4.3.1/node_modules/@kamod-ch/ui/dist/components/checkbox/index.js"
2026-06-19T08:45:11.771820Z  INFO tailwindcss_oxide::scanner: Reading "/home/watzak/master/kamod/preacthub/node_modules/.pnpm/@kamod-ch+ui@file+..+kamod-ui+packages+core_@preact+signals@2.9.2_preact@10.29.2__preact@10.29.2_tailwindcss@4.3.1/node_modules/@kamod-ch/ui/dist/chunk-UXWUFNXY.js"
2026-06-19T08:45:11.771829Z  INFO tailwindcss_oxide::scanner: Reading "/home/watzak/master/kamod/preacthub/node_modules/.pnpm/@kamod-ch+ui@file+..+kamod-ui+packages+core_@preact+signals@2.9.2_preact@10.29.2__preact@10.29.2_tailwindcss@4.3.1/node_modules/@kamod-ch/ui/dist/components/popover/index.js"
2026-06-19T08:45:11.771832Z  INFO tailwindcss_oxide::scanner: Reading "/home/watzak/master/kamod/preacthub/node_modules/.pnpm/@kamod-ch+ui@file+..+kamod-ui+packages+core_@preact+signals@2.9.2_preact@10.29.2__preact@10.29.2_tailwindcss@4.3.1/node_modules/@kamod-ch/ui/dist/chunk-5KS2VSX2.js"
2026-06-19T08:45:11.771838Z  INFO tailwindcss_oxide::scanner: Reading "/home/watzak/master/kamod/preacthub/node_modules/.pnpm/@kamod-ch+ui@file+..+kamod-ui+packages+core_@preact+signals@2.9.2_preact@10.29.2__preact@10.29.2_tailwindcss@4.3.1/node_modules/@kamod-ch/ui/dist/components/command/index.js"
2026-06-19T08:45:11.771357Z  INFO tailwindcss_oxide::scanner: Reading "/home/watzak/master/kamod/preacthub/content/libraries/floating-ui.md"
2026-06-19T08:45:11.771362Z  INFO tailwindcss_oxide::scanner: Reading "/home/watzak/master/kamod/preacthub/node_modules/.pnpm/@kamod-ch+ui@file+..+kamod-ui+packages+core_@preact+signals@2.9.2_preact@10.29.2__preact@10.29.2_tailwindcss@4.3.1/node_modules/@kamod-ch/ui/dist/chunk-WAPRVVDQ.js"
2026-06-19T08:45:11.771866Z  INFO tailwindcss_oxide::scanner: Reading "/home/watzak/master/kamod/preacthub/node_modules/.pnpm/@kamod-ch+ui@file+..+kamod-ui+packages+core_@preact+signals@2.9.2_preact@10.29.2__preact@10.29.2_tailwindcss@4.3.1/node_modules/@kamod-ch/ui/dist/chunk-MS2ZNYCJ.js"
2026-06-19T08:45:11.771874Z  INFO tailwindcss_oxide::scanner: Reading "/home/watzak/master/kamod/preacthub/node_modules/.pnpm/@kamod-ch+ui@file+..+kamod-ui+packages+core_@preact+signals@2.9.2_preact@10.29.2__preact@10.29.2_tailwindcss@4.3.1/node_modules/@kamod-ch/ui/dist/components/tabs/index.js"
2026-06-19T08:45:11.771880Z  INFO tailwindcss_oxide::scanner: Reading "/home/watzak/master/kamod/preacthub/node_modules/.pnpm/@kamod-ch+ui@file+..+kamod-ui+packages+core_@preact+signals@2.9.2_preact@10.29.2__preact@10.29.2_tailwindcss@4.3.1/node_modules/@kamod-ch/ui/dist/chunk-5FBD2NTR.js"
2026-06-19T08:45:11.771888Z  INFO tailwindcss_oxide::scanner: Reading "/home/watzak/master/kamod/preacthub/node_modules/.pnpm/@kamod-ch+ui@file+..+kamod-ui+packages+core_@preact+signals@2.9.2_preact@10.29.2__preact@10.29.2_tailwindcss@4.3.1/node_modules/@kamod-ch/ui/dist/components/dialog/index.js"
2026-06-19T08:45:11.771890Z  INFO tailwindcss_oxide::scanner: Reading "/home/watzak/master/kamod/preacthub/node_modules/.pnpm/@kamod-ch+ui@file+..+kamod-ui+packages+core_@preact+signals@2.9.2_preact@10.29.2__preact@10.29.2_tailwindcss@4.3.1/node_modules/@kamod-ch/ui/dist/chunk-ZVAW22GX.js"
2026-06-19T08:45:11.771899Z  INFO tailwindcss_oxide::scanner: Reading "/home/watzak/master/kamod/preacthub/node_modules/.pnpm/@kamod-ch+ui@file+..+kamod-ui+packages+core_@preact+signals@2.9.2_preact@10.29.2__preact@10.29.2_tailwindcss@4.3.1/node_modules/@kamod-ch/ui/dist/components/native-select/index.js"
2026-06-19T08:45:11.771918Z  INFO tailwindcss_oxide::scanner: Reading "/home/watzak/master/kamod/preacthub/node_modules/.pnpm/@kamod-ch+ui@file+..+kamod-ui+packages+core_@preact+signals@2.9.2_preact@10.29.2__preact@10.29.2_tailwindcss@4.3.1/node_modules/@kamod-ch/ui/dist/components/sheet/index.js"
2026-06-19T08:45:11.771620Z  INFO tailwindcss_oxide::scanner: Reading "/home/watzak/master/kamod/preacthub/node_modules/.pnpm/@kamod-ch+ui@file+..+kamod-ui+packages+core_@preact+signals@2.9.2_preact@10.29.2__preact@10.29.2_tailwindcss@4.3.1/node_modules/@kamod-ch/ui/dist/chunk-5Q4RBIMZ.js"
2026-06-19T08:45:11.771930Z  INFO tailwindcss_oxide::scanner: Reading "/home/watzak/master/kamod/preacthub/node_modules/.pnpm/@kamod-ch+ui@file+..+kamod-ui+packages+core_@preact+signals@2.9.2_preact@10.29.2__preact@10.29.2_tailwindcss@4.3.1/node_modules/@kamod-ch/ui/dist/components/sidebar/index.js"
2026-06-19T08:45:11.771941Z  INFO tailwindcss_oxide::scanner: Reading "/home/watzak/master/kamod/preacthub/node_modules/.pnpm/@kamod-ch+ui@file+..+kamod-ui+packages+core_@preact+signals@2.9.2_preact@10.29.2__preact@10.29.2_tailwindcss@4.3.1/node_modules/@kamod-ch/ui/dist/components/button/index.js"
2026-06-19T08:45:11.771947Z  INFO tailwindcss_oxide::scanner: Reading "/home/watzak/master/kamod/preacthub/node_modules/.pnpm/@kamod-ch+ui@file+..+kamod-ui+packages+core_@preact+signals@2.9.2_preact@10.29.2__preact@10.29.2_tailwindcss@4.3.1/node_modules/@kamod-ch/ui/dist/chunk-G6TV6TF7.js"
2026-06-19T08:45:11.771953Z  INFO tailwindcss_oxide::scanner: Reading "/home/watzak/master/kamod/preacthub/node_modules/.pnpm/@kamod-ch+ui@file+..+kamod-ui+packages+core_@preact+signals@2.9.2_preact@10.29.2__preact@10.29.2_tailwindcss@4.3.1/node_modules/@kamod-ch/ui/dist/chunk-4IBTERDG.js"
2026-06-19T08:45:11.771956Z  INFO tailwindcss_oxide::scanner: Reading "/home/watzak/master/kamod/preacthub/node_modules/.pnpm/@kamod-ch+ui@file+..+kamod-ui+packages+core_@preact+signals@2.9.2_preact@10.29.2__preact@10.29.2_tailwindcss@4.3.1/node_modules/@kamod-ch/ui/dist/chunk-UNWEH4Z6.js"
2026-06-19T08:45:11.771963Z  INFO tailwindcss_oxide::scanner: Reading "/home/watzak/master/kamod/preacthub/node_modules/.pnpm/@kamod-ch+ui@file+..+kamod-ui+packages+core_@preact+signals@2.9.2_preact@10.29.2__preact@10.29.2_tailwindcss@4.3.1/node_modules/@kamod-ch/ui/dist/components/dropdown/index.js"
2026-06-19T08:45:11.771968Z  INFO tailwindcss_oxide::scanner: Reading "/home/watzak/master/kamod/preacthub/node_modules/.pnpm/@kamod-ch+ui@file+..+kamod-ui+packages+core_@preact+signals@2.9.2_preact@10.29.2__preact@10.29.2_tailwindcss@4.3.1/node_modules/@kamod-ch/ui/dist/components/breadcrumb/index.js"
2026-06-19T08:45:11.771974Z  INFO tailwindcss_oxide::scanner: Reading "/home/watzak/master/kamod/preacthub/node_modules/.pnpm/@kamod-ch+ui@file+..+kamod-ui+packages+core_@preact+signals@2.9.2_preact@10.29.2__preact@10.29.2_tailwindcss@4.3.1/node_modules/@kamod-ch/ui/dist/components/input-otp/index.js"
2026-06-19T08:45:11.771976Z  INFO tailwindcss_oxide::scanner: Reading "/home/watzak/master/kamod/preacthub/node_modules/.pnpm/@kamod-ch+ui@file+..+kamod-ui+packages+core_@preact+signals@2.9.2_preact@10.29.2__preact@10.29.2_tailwindcss@4.3.1/node_modules/@kamod-ch/ui/dist/chunk-UEGIKBX6.js"
2026-06-19T08:45:11.771979Z  INFO tailwindcss_oxide::scanner: Reading "/home/watzak/master/kamod/preacthub/node_modules/.pnpm/@kamod-ch+ui@file+..+kamod-ui+packages+core_@preact+signals@2.9.2_preact@10.29.2__preact@10.29.2_tailwindcss@4.3.1/node_modules/@kamod-ch/ui/dist/components/switch/index.js"
2026-06-19T08:45:11.771985Z  INFO tailwindcss_oxide::scanner: Reading "/home/watzak/master/kamod/preacthub/node_modules/.pnpm/@kamod-ch+ui@file+..+kamod-ui+packages+core_@preact+signals@2.9.2_preact@10.29.2__preact@10.29.2_tailwindcss@4.3.1/node_modules/@kamod-ch/ui/dist/components/carousel/index.js"
2026-06-19T08:45:11.771988Z  INFO tailwindcss_oxide::scanner: Reading "/home/watzak/master/kamod/preacthub/node_modules/.pnpm/@kamod-ch+ui@file+..+kamod-ui+packages+core_@preact+signals@2.9.2_preact@10.29.2__preact@10.29.2_tailwindcss@4.3.1/node_modules/@kamod-ch/ui/dist/components/toast/index.js"
2026-06-19T08:45:11.771990Z  INFO tailwindcss_oxide::scanner: Reading "/home/watzak/master/kamod/preacthub/node_modules/.pnpm/@kamod-ch+ui@file+..+kamod-ui+packages+core_@preact+signals@2.9.2_preact@10.29.2__preact@10.29.2_tailwindcss@4.3.1/node_modules/@kamod-ch/ui/dist/components/locale-segment-group/index.js"
2026-06-19T08:45:11.772000Z  INFO tailwindcss_oxide::scanner: Reading "/home/watzak/master/kamod/preacthub/node_modules/.pnpm/@kamod-ch+ui@file+..+kamod-ui+packages+core_@preact+signals@2.9.2_preact@10.29.2__preact@10.29.2_tailwindcss@4.3.1/node_modules/@kamod-ch/ui/dist/components/context-menu/index.js"
2026-06-19T08:45:11.772003Z  INFO tailwindcss_oxide::scanner: Reading "/home/watzak/master/kamod/preacthub/node_modules/.pnpm/@kamod-ch+ui@file+..+kamod-ui+packages+core_@preact+signals@2.9.2_preact@10.29.2__preact@10.29.2_tailwindcss@4.3.1/node_modules/@kamod-ch/ui/dist/components/selectable-card/index.js"
2026-06-19T08:45:11.772006Z  INFO tailwindcss_oxide::scanner: Reading "/home/watzak/master/kamod/preacthub/node_modules/.pnpm/@kamod-ch+ui@file+..+kamod-ui+packages+core_@preact+signals@2.9.2_preact@10.29.2__preact@10.29.2_tailwindcss@4.3.1/node_modules/@kamod-ch/ui/dist/components/input/index.js"
2026-06-19T08:45:11.772024Z  INFO tailwindcss_oxide::scanner: Reading "/home/watzak/master/kamod/preacthub/node_modules/.pnpm/@kamod-ch+ui@file+..+kamod-ui+packages+core_@preact+signals@2.9.2_preact@10.29.2__preact@10.29.2_tailwindcss@4.3.1/node_modules/@kamod-ch/ui/dist/components/empty/index.js"
2026-06-19T08:45:11.772023Z  INFO tailwindcss_oxide::scanner: Reading "/home/watzak/master/kamod/preacthub/node_modules/.pnpm/@kamod-ch+ui@file+..+kamod-ui+packages+core_@preact+signals@2.9.2_preact@10.29.2__preact@10.29.2_tailwindcss@4.3.1/node_modules/@kamod-ch/ui/dist/components/video/index.js"
2026-06-19T08:45:11.771647Z  INFO tailwindcss_oxide::scanner: Reading "/home/watzak/master/kamod/preacthub/content/libraries/prefresh.md"
2026-06-19T08:45:11.772035Z  INFO tailwindcss_oxide::scanner: Reading "/home/watzak/master/kamod/preacthub/node_modules/.pnpm/@kamod-ch+ui@file+..+kamod-ui+packages+core_@preact+signals@2.9.2_preact@10.29.2__preact@10.29.2_tailwindcss@4.3.1/node_modules/@kamod-ch/ui/dist/components/combobox/index.js"
2026-06-19T08:45:11.771408Z  INFO tailwindcss_oxide::scanner: Reading "/home/watzak/master/kamod/preacthub/node_modules/.pnpm/@kamod-ch+ui@file+..+kamod-ui+packages+core_@preact+signals@2.9.2_preact@10.29.2__preact@10.29.2_tailwindcss@4.3.1/node_modules/@kamod-ch/ui/dist/chunk-HTSAUMF5.js"
2026-06-19T08:45:11.772047Z  INFO tailwindcss_oxide::scanner: Reading "/home/watzak/master/kamod/preacthub/node_modules/.pnpm/@kamod-ch+ui@file+..+kamod-ui+packages+core_@preact+signals@2.9.2_preact@10.29.2__preact@10.29.2_tailwindcss@4.3.1/node_modules/@kamod-ch/ui/dist/components/aspect-ratio/index.js"
2026-06-19T08:45:11.772066Z  INFO tailwindcss_oxide::scanner: Reading "/home/watzak/master/kamod/preacthub/node_modules/.pnpm/@kamod-ch+ui@file+..+kamod-ui+packages+core_@preact+signals@2.9.2_preact@10.29.2__preact@10.29.2_tailwindcss@4.3.1/node_modules/@kamod-ch/ui/dist/lib/signals/index.js"
2026-06-19T08:45:11.772054Z  INFO tailwindcss_oxide::scanner: Reading "/home/watzak/master/kamod/preacthub/node_modules/.pnpm/@kamod-ch+ui@file+..+kamod-ui+packages+core_@preact+signals@2.9.2_preact@10.29.2__preact@10.29.2_tailwindcss@4.3.1/node_modules/@kamod-ch/ui/dist/components/navigation-menu/index.js"
2026-06-19T08:45:11.771666Z  INFO tailwindcss_oxide::scanner: Reading "/home/watzak/master/kamod/preacthub/content/libraries/zustand.md"
2026-06-19T08:45:11.772095Z  INFO tailwindcss_oxide::scanner: Reading "/home/watzak/master/kamod/preacthub/node_modules/.pnpm/@kamod-ch+ui@file+..+kamod-ui+packages+core_@preact+signals@2.9.2_preact@10.29.2__preact@10.29.2_tailwindcss@4.3.1/node_modules/@kamod-ch/ui/dist/components/alert-dialog/index.js"
2026-06-19T08:45:11.772101Z  INFO tailwindcss_oxide::scanner: Reading "/home/watzak/master/kamod/preacthub/node_modules/.pnpm/@kamod-ch+ui@file+..+kamod-ui+packages+core_@preact+signals@2.9.2_preact@10.29.2__preact@10.29.2_tailwindcss@4.3.1/node_modules/@kamod-ch/ui/dist/components/avatar/index.js"
2026-06-19T08:45:11.772101Z  INFO tailwindcss_oxide::scanner: Reading "/home/watzak/master/kamod/preacthub/node_modules/.pnpm/@kamod-ch+ui@file+..+kamod-ui+packages+core_@preact+signals@2.9.2_preact@10.29.2__preact@10.29.2_tailwindcss@4.3.1/node_modules/@kamod-ch/ui/dist/components/alert/index.js"
2026-06-19T08:45:11.771445Z  INFO tailwindcss_oxide::scanner: Reading "/home/watzak/master/kamod/preacthub/node_modules/.pnpm/@kamod-ch+ui@file+..+kamod-ui+packages+core_@preact+signals@2.9.2_preact@10.29.2__preact@10.29.2_tailwindcss@4.3.1/node_modules/@kamod-ch/ui/dist/chunk-BQP4UA44.js"
2026-06-19T08:45:11.772150Z  INFO tailwindcss_oxide::scanner: Reading "/home/watzak/master/kamod/preacthub/node_modules/.pnpm/@kamod-ch+ui@file+..+kamod-ui+packages+core_@preact+signals@2.9.2_preact@10.29.2__preact@10.29.2_tailwindcss@4.3.1/node_modules/@kamod-ch/ui/dist/components/direction/index.js"
2026-06-19T08:45:11.771664Z  INFO tailwindcss_oxide::scanner: Reading "/home/watzak/master/kamod/preacthub/node_modules/.pnpm/@kamod-ch+ui@file+..+kamod-ui+packages+core_@preact+signals@2.9.2_preact@10.29.2__preact@10.29.2_tailwindcss@4.3.1/node_modules/@kamod-ch/ui/dist/chunk-6BK3PIRX.js"
2026-06-19T08:45:11.772199Z  INFO tailwindcss_oxide::scanner: Reading "/home/watzak/master/kamod/preacthub/node_modules/.pnpm/@kamod-ch+ui@file+..+kamod-ui+packages+core_@preact+signals@2.9.2_preact@10.29.2__preact@10.29.2_tailwindcss@4.3.1/node_modules/@kamod-ch/ui/dist/components/label/index.js"
2026-06-19T08:45:11.771692Z  INFO tailwindcss_oxide::scanner: Reading "/home/watzak/master/kamod/preacthub/node_modules/.pnpm/@kamod-ch+ui@file+..+kamod-ui+packages+core_@preact+signals@2.9.2_preact@10.29.2__preact@10.29.2_tailwindcss@4.3.1/node_modules/@kamod-ch/ui/dist/chunk-TFLSEEM4.js"
2026-06-19T08:45:11.772216Z  INFO tailwindcss_oxide::scanner: Reading "/home/watzak/master/kamod/preacthub/node_modules/.pnpm/@kamod-ch+ui@file+..+kamod-ui+packages+core_@preact+signals@2.9.2_preact@10.29.2__preact@10.29.2_tailwindcss@4.3.1/node_modules/@kamod-ch/ui/dist/chunk-XGFJJ2YB.js"
2026-06-19T08:45:11.771721Z  INFO tailwindcss_oxide::scanner: Reading "/home/watzak/master/kamod/preacthub/content/libraries/react-aria.md"
2026-06-19T08:45:11.772239Z  INFO tailwindcss_oxide::scanner: Reading "/home/watzak/master/kamod/preacthub/node_modules/.pnpm/@kamod-ch+ui@file+..+kamod-ui+packages+core_@preact+signals@2.9.2_preact@10.29.2__preact@10.29.2_tailwindcss@4.3.1/node_modules/@kamod-ch/ui/dist/chunk-7AJT2E2Y.js"
2026-06-19T08:45:11.772257Z  INFO tailwindcss_oxide::scanner: Reading "/home/watzak/master/kamod/preacthub/node_modules/.pnpm/@kamod-ch+ui@file+..+kamod-ui+packages+core_@preact+signals@2.9.2_preact@10.29.2__preact@10.29.2_tailwindcss@4.3.1/node_modules/@kamod-ch/ui/dist/chunk-PZS2D2QM.js"
2026-06-19T08:45:11.772266Z  INFO tailwindcss_oxide::scanner: Reading "/home/watzak/master/kamod/preacthub/node_modules/.pnpm/@kamod-ch+ui@file+..+kamod-ui+packages+core_@preact+signals@2.9.2_preact@10.29.2__preact@10.29.2_tailwindcss@4.3.1/node_modules/@kamod-ch/ui/dist/chunk-LFJF3M6M.js"
2026-06-19T08:45:11.772273Z  INFO tailwindcss_oxide::scanner: Reading "/home/watzak/master/kamod/preacthub/node_modules/.pnpm/@kamod-ch+ui@file+..+kamod-ui+packages+core_@preact+signals@2.9.2_preact@10.29.2__preact@10.29.2_tailwindcss@4.3.1/node_modules/@kamod-ch/ui/dist/chunk-GKH7GU3F.js"
2026-06-19T08:45:11.771720Z  INFO tailwindcss_oxide::scanner: Reading "/home/watzak/master/kamod/preacthub/node_modules/.pnpm/@kamod-ch+ui@file+..+kamod-ui+packages+core_@preact+signals@2.9.2_preact@10.29.2__preact@10.29.2_tailwindcss@4.3.1/node_modules/@kamod-ch/ui/dist/components/table/index.js"
2026-06-19T08:45:11.771733Z  INFO tailwindcss_oxide::scanner: Reading "/home/watzak/master/kamod/preacthub/node_modules/.pnpm/@kamod-ch+ui@file+..+kamod-ui+packages+core_@preact+signals@2.9.2_preact@10.29.2__preact@10.29.2_tailwindcss@4.3.1/node_modules/@kamod-ch/ui/dist/chunk-FIOKWIJP.js"
2026-06-19T08:45:11.772325Z  INFO tailwindcss_oxide::scanner: Reading "/home/watzak/master/kamod/preacthub/node_modules/.pnpm/@kamod-ch+ui@file+..+kamod-ui+packages+core_@preact+signals@2.9.2_preact@10.29.2__preact@10.29.2_tailwindcss@4.3.1/node_modules/@kamod-ch/ui/dist/components/collapsible/index.js"
2026-06-19T08:45:11.772330Z  INFO tailwindcss_oxide::scanner: Reading "/home/watzak/master/kamod/preacthub/node_modules/.pnpm/@kamod-ch+ui@file+..+kamod-ui+packages+core_@preact+signals@2.9.2_preact@10.29.2__preact@10.29.2_tailwindcss@4.3.1/node_modules/@kamod-ch/ui/dist/components/item/index.js"
2026-06-19T08:45:11.772334Z  INFO tailwindcss_oxide::scanner: Reading "/home/watzak/master/kamod/preacthub/node_modules/.pnpm/@kamod-ch+ui@file+..+kamod-ui+packages+core_@preact+signals@2.9.2_preact@10.29.2__preact@10.29.2_tailwindcss@4.3.1/node_modules/@kamod-ch/ui/dist/components/toggle-group/index.js"
2026-06-19T08:45:11.772338Z  INFO tailwindcss_oxide::scanner: Reading "/home/watzak/master/kamod/preacthub/node_modules/.pnpm/@kamod-ch+ui@file+..+kamod-ui+packages+core_@preact+signals@2.9.2_preact@10.29.2__preact@10.29.2_tailwindcss@4.3.1/node_modules/@kamod-ch/ui/dist/components/sonner/index.js"
2026-06-19T08:45:11.772343Z  INFO tailwindcss_oxide::scanner: Reading "/home/watzak/master/kamod/preacthub/node_modules/.pnpm/@kamod-ch+ui@file+..+kamod-ui+packages+core_@preact+signals@2.9.2_preact@10.29.2__preact@10.29.2_tailwindcss@4.3.1/node_modules/@kamod-ch/ui/dist/components/theme-toggle/index.js"
2026-06-19T08:45:11.772346Z  INFO tailwindcss_oxide::scanner: Reading "/home/watzak/master/kamod/preacthub/node_modules/.pnpm/@kamod-ch+ui@file+..+kamod-ui+packages+core_@preact+signals@2.9.2_preact@10.29.2__preact@10.29.2_tailwindcss@4.3.1/node_modules/@kamod-ch/ui/dist/chunk-NKKMM6CK.js"
2026-06-19T08:45:11.772351Z  INFO tailwindcss_oxide::scanner: Reading "/home/watzak/master/kamod/preacthub/node_modules/.pnpm/@kamod-ch+ui@file+..+kamod-ui+packages+core_@preact+signals@2.9.2_preact@10.29.2__preact@10.29.2_tailwindcss@4.3.1/node_modules/@kamod-ch/ui/dist/components/chart/index.js"
2026-06-19T08:45:11.772355Z  INFO tailwindcss_oxide::scanner: Reading "/home/watzak/master/kamod/preacthub/node_modules/.pnpm/@kamod-ch+ui@file+..+kamod-ui+packages+core_@preact+signals@2.9.2_preact@10.29.2__preact@10.29.2_tailwindcss@4.3.1/node_modules/@kamod-ch/ui/dist/lib/interactive/index.js"
2026-06-19T08:45:11.772359Z  INFO tailwindcss_oxide::scanner: Reading "/home/watzak/master/kamod/preacthub/node_modules/.pnpm/@kamod-ch+ui@file+..+kamod-ui+packages+core_@preact+signals@2.9.2_preact@10.29.2__preact@10.29.2_tailwindcss@4.3.1/node_modules/@kamod-ch/ui/dist/components/slider/index.js"
2026-06-19T08:45:11.772370Z  INFO tailwindcss_oxide::scanner: Reading "/home/watzak/master/kamod/preacthub/node_modules/.pnpm/@kamod-ch+ui@file+..+kamod-ui+packages+core_@preact+signals@2.9.2_preact@10.29.2__preact@10.29.2_tailwindcss@4.3.1/node_modules/@kamod-ch/ui/dist/lib/utils.js"
2026-06-19T08:45:11.772373Z  INFO tailwindcss_oxide::scanner: Reading "/home/watzak/master/kamod/preacthub/node_modules/.pnpm/@kamod-ch+ui@file+..+kamod-ui+packages+core_@preact+signals@2.9.2_preact@10.29.2__preact@10.29.2_tailwindcss@4.3.1/node_modules/@kamod-ch/ui/dist/components/calendar/index.js"
2026-06-19T08:45:11.772379Z  INFO tailwindcss_oxide::scanner: Reading "/home/watzak/master/kamod/preacthub/node_modules/.pnpm/@kamod-ch+ui@file+..+kamod-ui+packages+core_@preact+signals@2.9.2_preact@10.29.2__preact@10.29.2_tailwindcss@4.3.1/node_modules/@kamod-ch/ui/dist/chunk-3DNIMQX6.js"
2026-06-19T08:45:11.771733Z  INFO tailwindcss_oxide::scanner: Reading "/home/watzak/master/kamod/preacthub/node_modules/.pnpm/@kamod-ch+ui@file+..+kamod-ui+packages+core_@preact+signals@2.9.2_preact@10.29.2__preact@10.29.2_tailwindcss@4.3.1/node_modules/@kamod-ch/ui/dist/chunk-PGOCR4LG.js"
2026-06-19T08:45:11.772390Z  INFO tailwindcss_oxide::scanner: Reading "/home/watzak/master/kamod/preacthub/node_modules/.pnpm/@kamod-ch+ui@file+..+kamod-ui+packages+core_@preact+signals@2.9.2_preact@10.29.2__preact@10.29.2_tailwindcss@4.3.1/node_modules/@kamod-ch/ui/dist/chunk-PU5J5EPY.js"
2026-06-19T08:45:11.771847Z  INFO tailwindcss_oxide::scanner: Reading "/home/watzak/master/kamod/preacthub/node_modules/.pnpm/@kamod-ch+ui@file+..+kamod-ui+packages+core_@preact+signals@2.9.2_preact@10.29.2__preact@10.29.2_tailwindcss@4.3.1/node_modules/@kamod-ch/ui/dist/components/scroll-area/index.js"
2026-06-19T08:45:11.772398Z  INFO tailwindcss_oxide::scanner: Reading "/home/watzak/master/kamod/preacthub/node_modules/.pnpm/@kamod-ch+ui@file+..+kamod-ui+packages+core_@preact+signals@2.9.2_preact@10.29.2__preact@10.29.2_tailwindcss@4.3.1/node_modules/@kamod-ch/ui/dist/chunk-LCMPFPBN.js"
2026-06-19T08:45:11.772406Z  INFO tailwindcss_oxide::scanner: Reading "/home/watzak/master/kamod/preacthub/node_modules/.pnpm/@kamod-ch+ui@file+..+kamod-ui+packages+core_@preact+signals@2.9.2_preact@10.29.2__preact@10.29.2_tailwindcss@4.3.1/node_modules/@kamod-ch/ui/dist/chunk-ZHAGKFSO.js"
2026-06-19T08:45:11.771843Z  INFO tailwindcss_oxide::scanner: Reading "/home/watzak/master/kamod/preacthub/node_modules/.pnpm/@kamod-ch+ui@file+..+kamod-ui+packages+core_@preact+signals@2.9.2_preact@10.29.2__preact@10.29.2_tailwindcss@4.3.1/node_modules/@kamod-ch/ui/dist/chunk-7IOAIEIA.js"
2026-06-19T08:45:11.771902Z  INFO tailwindcss_oxide::scanner: Reading "/home/watzak/master/kamod/preacthub/node_modules/.pnpm/@kamod-ch+ui@file+..+kamod-ui+packages+core_@preact+signals@2.9.2_preact@10.29.2__preact@10.29.2_tailwindcss@4.3.1/node_modules/@kamod-ch/ui/dist/index.js"
2026-06-19T08:45:11.771554Z  INFO tailwindcss_oxide::scanner: Reading "/home/watzak/master/kamod/preacthub/node_modules/.pnpm/@kamod-ch+ui@file+..+kamod-ui+packages+core_@preact+signals@2.9.2_preact@10.29.2__preact@10.29.2_tailwindcss@4.3.1/node_modules/@kamod-ch/ui/dist/chunk-CMBERB5B.js"
2026-06-19T08:45:11.772071Z  INFO tailwindcss_oxide::scanner: Reading "/home/watzak/master/kamod/preacthub/node_modules/.pnpm/@kamod-ch+ui@file+..+kamod-ui+packages+core_@preact+signals@2.9.2_preact@10.29.2__preact@10.29.2_tailwindcss@4.3.1/node_modules/@kamod-ch/ui/dist/chunk-RHNI5UQO.js"
2026-06-19T08:45:11.772077Z  INFO tailwindcss_oxide::scanner: Reading "/home/watzak/master/kamod/preacthub/node_modules/.pnpm/@kamod-ch+ui@file+..+kamod-ui+packages+core_@preact+signals@2.9.2_preact@10.29.2__preact@10.29.2_tailwindcss@4.3.1/node_modules/@kamod-ch/ui/dist/chunk-2HZCH73K.js"
2026-06-19T08:45:11.772112Z  INFO tailwindcss_oxide::scanner: Reading "/home/watzak/master/kamod/preacthub/node_modules/.pnpm/@kamod-ch+ui@file+..+kamod-ui+packages+core_@preact+signals@2.9.2_preact@10.29.2__preact@10.29.2_tailwindcss@4.3.1/node_modules/@kamod-ch/ui/dist/components/prose/index.js"
2026-06-19T08:45:11.772112Z  INFO tailwindcss_oxide::scanner: Reading "/home/watzak/master/kamod/preacthub/node_modules/.pnpm/@kamod-ch+ui@file+..+kamod-ui+packages+core_@preact+signals@2.9.2_preact@10.29.2__preact@10.29.2_tailwindcss@4.3.1/node_modules/@kamod-ch/ui/dist/components/data-table/index.js"
2026-06-19T08:45:11.771665Z  INFO tailwindcss_oxide::scanner: Reading "/home/watzak/master/kamod/preacthub/node_modules/.pnpm/@kamod-ch+ui@file+..+kamod-ui+packages+core_@preact+signals@2.9.2_preact@10.29.2__preact@10.29.2_tailwindcss@4.3.1/node_modules/@kamod-ch/ui/dist/components/spinner/index.js"
2026-06-19T08:45:11.772221Z  INFO tailwindcss_oxide::scanner: Reading "/home/watzak/master/kamod/preacthub/node_modules/.pnpm/@kamod-ch+ui@file+..+kamod-ui+packages+core_@preact+signals@2.9.2_preact@10.29.2__preact@10.29.2_tailwindcss@4.3.1/node_modules/@kamod-ch/ui/dist/chunk-UEXTD7ZB.js"
2026-06-19T08:45:11.772230Z  INFO tailwindcss_oxide::scanner: Reading "/home/watzak/master/kamod/preacthub/node_modules/.pnpm/@kamod-ch+ui@file+..+kamod-ui+packages+core_@preact+signals@2.9.2_preact@10.29.2__preact@10.29.2_tailwindcss@4.3.1/node_modules/@kamod-ch/ui/dist/chunk-HAAXVB3R.js"
2026-06-19T08:45:11.772279Z  INFO tailwindcss_oxide::scanner: Reading "/home/watzak/master/kamod/preacthub/node_modules/.pnpm/@kamod-ch+ui@file+..+kamod-ui+packages+core_@preact+signals@2.9.2_preact@10.29.2__preact@10.29.2_tailwindcss@4.3.1/node_modules/@kamod-ch/ui/dist/chunk-GGTDJEE2.js"
2026-06-19T08:45:11.772302Z  INFO tailwindcss_oxide::scanner: Reading "/home/watzak/master/kamod/preacthub/node_modules/.pnpm/@kamod-ch+ui@file+..+kamod-ui+packages+core_@preact+signals@2.9.2_preact@10.29.2__preact@10.29.2_tailwindcss@4.3.1/node_modules/@kamod-ch/ui/dist/chunk-QZX3RFIC.js"
2026-06-19T08:45:11.771438Z  INFO tailwindcss_oxide::scanner: Reading "/home/watzak/master/kamod/preacthub/node_modules/.pnpm/@kamod-ch+ui@file+..+kamod-ui+packages+core_@preact+signals@2.9.2_preact@10.29.2__preact@10.29.2_tailwindcss@4.3.1/node_modules/@kamod-ch/ui/dist/chunk-J4DMQV64.js"
2026-06-19T08:45:11.771471Z  INFO tailwindcss_oxide::scanner: Reading "/home/watzak/master/kamod/preacthub/node_modules/.pnpm/@kamod-ch+ui@file+..+kamod-ui+packages+core_@preact+signals@2.9.2_preact@10.29.2__preact@10.29.2_tailwindcss@4.3.1/node_modules/@kamod-ch/ui/dist/chunk-RTIFG4XT.js"
2026-06-19T08:45:11.772382Z  INFO tailwindcss_oxide::scanner: Reading "/home/watzak/master/kamod/preacthub/node_modules/.pnpm/@kamod-ch+ui@file+..+kamod-ui+packages+core_@preact+signals@2.9.2_preact@10.29.2__preact@10.29.2_tailwindcss@4.3.1/node_modules/@kamod-ch/ui/dist/chunk-LCWXIQKA.js"
2026-06-19T08:45:11.771527Z  INFO tailwindcss_oxide::scanner: Reading "/home/watzak/master/kamod/preacthub/node_modules/.pnpm/@kamod-ch+ui@file+..+kamod-ui+packages+core_@preact+signals@2.9.2_preact@10.29.2__preact@10.29.2_tailwindcss@4.3.1/node_modules/@kamod-ch/ui/dist/components/tooltip/index.js"
2026-06-19T08:45:11.772029Z  INFO tailwindcss_oxide::scanner: Reading "/home/watzak/master/kamod/preacthub/node_modules/.pnpm/@kamod-ch+ui@file+..+kamod-ui+packages+core_@preact+signals@2.9.2_preact@10.29.2__preact@10.29.2_tailwindcss@4.3.1/node_modules/@kamod-ch/ui/dist/components/radio-group/index.js"
2026-06-19T08:45:11.774092Z  INFO discover_sources: tailwindcss_oxide::scanner: exit
2026-06-19T08:45:11.774103Z  INFO extract_candidates: tailwindcss_oxide::scanner: enter
2026-06-19T08:45:11.774106Z  INFO extract_candidates:parse_all_blobs: tailwindcss_oxide::scanner: enter
2026-06-19T08:45:11.774108Z  INFO extract_candidates:parse_all_blobs:extract: tailwindcss_oxide::scanner: enter
2026-06-19T08:45:11.775977Z  INFO extract_candidates:parse_all_blobs:extract: tailwindcss_oxide::scanner: exit
2026-06-19T08:45:11.776008Z  INFO extract_candidates:parse_all_blobs: tailwindcss_oxide::scanner: exit
2026-06-19T08:45:11.776458Z  INFO extract_candidates: tailwindcss_oxide::scanner: exit
2026-06-19T08:45:11.777722Z  INFO get_files: tailwindcss_oxide::scanner: enter
2026-06-19T08:45:11.777727Z  INFO get_files:discover_sources: tailwindcss_oxide::scanner: enter
2026-06-19T08:45:11.777730Z  INFO get_files:discover_sources: tailwindcss_oxide::scanner: exit
2026-06-19T08:45:11.777919Z  INFO get_files: tailwindcss_oxide::scanner: exit
2026-06-19T08:45:11.778283Z  INFO get_globs: tailwindcss_oxide::scanner: enter
2026-06-19T08:45:11.778294Z  INFO get_globs:discover_sources: tailwindcss_oxide::scanner: enter
2026-06-19T08:45:11.778298Z  INFO get_globs:discover_sources: tailwindcss_oxide::scanner: exit
2026-06-19T08:45:11.778534Z  INFO get_globs: tailwindcss_oxide::scanner: exit
